,MV,P,PE,PTBV,VA,VO
1990-01-01,,,,,,
1990-01-08,,,,,,
1990-01-15,,,,,,
1990-01-22,,,,,,
1990-01-29,,,,,,
1990-02-05,,,,,,
1990-02-12,,,,,,
1990-02-19,,,,,,
1990-02-26,,,,,,
1990-03-05,,,,,,
1990-03-12,,,,,,
1990-03-19,,,,,,
1990-03-26,,,,,,
1990-04-02,,,,,,
1990-04-09,,,,,,
1990-04-16,,,,,,
1990-04-23,,,,,,
1990-04-30,,,,,,
1990-05-07,,,,,,
1990-05-14,,,,,,
1990-05-21,,,,,,
1990-05-28,,,,,,
1990-06-04,,,,,,
1990-06-11,,,,,,
1990-06-18,,,,,,
1990-06-25,,,,,,
1990-07-02,,,,,,
1990-07-09,,,,,,
1990-07-16,,,,,,
1990-07-23,,,,,,
1990-07-30,,,,,,
1990-08-06,,,,,,
1990-08-13,,,,,,
1990-08-20,,,,,,
1990-08-27,,,,,,
1990-09-03,,,,,,
1990-09-10,,,,,,
1990-09-17,,,,,,
1990-09-24,,,,,,
1990-10-01,,,,,,
1990-10-08,,,,,,
1990-10-15,,,,,,
1990-10-22,,,,,,
1990-10-29,,,,,,
1990-11-05,,,,,,
1990-11-12,,,,,,
1990-11-19,,,,,,
1990-11-26,,,,,,
1990-12-03,,,,,,
1990-12-10,,,,,,
1990-12-17,,,,,,
1990-12-24,,,,,,
1990-12-31,,,,,,
1991-01-07,,,,,,
1991-01-14,,,,,,
1991-01-21,,,,,,
1991-01-28,,,,,,
1991-02-04,,,,,,
1991-02-11,,,,,,
1991-02-18,,,,,,
1991-02-25,,,,,,
1991-03-04,,,,,,
1991-03-11,,,,,,
1991-03-18,,,,,,
1991-03-25,,,,,,
1991-04-01,,,,,,
1991-04-08,,,,,,
1991-04-15,,,,,,
1991-04-22,,,,,,
1991-04-29,,,,,,
1991-05-06,,,,,,
1991-05-13,,,,,,
1991-05-20,,,,,,
1991-05-27,,,,,,
1991-06-03,,,,,,
1991-06-10,,,,,,
1991-06-17,,,,,,
1991-06-24,,,,,,
1991-07-01,,,,,,
1991-07-08,,,,,,
1991-07-15,,,,,,
1991-07-22,,,,,,
1991-07-29,,,,,,
1991-08-05,,,,,,
1991-08-12,,,,,,
1991-08-19,,,,,,
1991-08-26,,,,,,
1991-09-02,,,,,,
1991-09-09,,,,,,
1991-09-16,,,,,,
1991-09-23,,,,,,
1991-09-30,,,,,,
1991-10-07,,,,,,
1991-10-14,,,,,,
1991-10-21,,,,,,
1991-10-28,,,,,,
1991-11-04,,,,,,
1991-11-11,,,,,,
1991-11-18,,,,,,
1991-11-25,,,,,,
1991-12-02,,,,,,
1991-12-09,,,,,,
1991-12-16,,,,,,
1991-12-23,,,,,,
1991-12-30,,,,,,
1992-01-06,,,,,,
1992-01-13,,,,,,
1992-01-20,,,,,,
1992-01-27,,,,,,
1992-02-03,,,,,,
1992-02-10,,,,,,
1992-02-17,,,,,,
1992-02-24,,,,,,
1992-03-02,,,,,,
1992-03-09,,,,,,
1992-03-16,,,,,,
1992-03-23,,,,,,
1992-03-30,,,,,,
1992-04-06,,,,,,
1992-04-13,,,,,,
1992-04-20,,,,,,
1992-04-27,,,,,,
1992-05-04,,,,,,
1992-05-11,,,,,,
1992-05-18,,,,,,
1992-05-25,,,,,,
1992-06-01,,,,,,
1992-06-08,,,,,,
1992-06-15,,,,,,
1992-06-22,,,,,,
1992-06-29,,,,,,
1992-07-06,,,,,,
1992-07-13,,,,,,
1992-07-20,,,,,,
1992-07-27,,,,,,
1992-08-03,,,,,,
1992-08-10,,,,,,
1992-08-17,,,,,,
1992-08-24,,,,,,
1992-08-31,,,,,,
1992-09-07,,,,,,
1992-09-14,,,,,,
1992-09-21,,,,,,
1992-09-28,,,,,,
1992-10-05,,,,,,
1992-10-12,,,,,,
1992-10-19,,,,,,
1992-10-26,,,,,,
1992-11-02,,,,,,
1992-11-09,,,,,,
1992-11-16,,,,,,
1992-11-23,,,,,,
1992-11-30,,,,,,
1992-12-07,,,,,,
1992-12-14,,,,,,
1992-12-21,,,,,,
1992-12-28,,,,,,
1993-01-04,,,,,,
1993-01-11,,,,,,
1993-01-18,,,,,,
1993-01-25,,,,,,
1993-02-01,,,,,,
1993-02-08,,,,,,
1993-02-15,,,,,,
1993-02-22,,,,,,
1993-03-01,,,,,,
1993-03-08,,,,,,
1993-03-15,,,,,,
1993-03-22,,,,,,
1993-03-29,,,,,,
1993-04-05,,,,,,
1993-04-12,,,,,,
1993-04-19,,,,,,
1993-04-26,,,,,,
1993-05-03,,,,,,
1993-05-10,,,,,,
1993-05-17,,,,,,
1993-05-24,,,,,,
1993-05-31,,,,,,
1993-06-07,,,,,,
1993-06-14,,,,,,
1993-06-21,,,,,,
1993-06-28,,,,,,
1993-07-05,,,,,,
1993-07-12,,,,,,
1993-07-19,,,,,,
1993-07-26,,,,,,
1993-08-02,,,,,,
1993-08-09,,,,,,
1993-08-16,,,,,,
1993-08-23,,,,,,
1993-08-30,,,,,,
1993-09-06,,,,,,
1993-09-13,,,,,,
1993-09-20,,,,,,
1993-09-27,,,,,,
1993-10-04,,,,,,
1993-10-11,,,,,,
1993-10-18,,,,,,
1993-10-25,,,,,,
1993-11-01,,,,,,
1993-11-08,,,,,,
1993-11-15,,,,,,
1993-11-22,,,,,,
1993-11-29,,,,,,
1993-12-06,,,,,,
1993-12-13,,,,,,
1993-12-20,,,,,,
1993-12-27,,,,,,
1994-01-03,,,,,,
1994-01-10,,,,,,
1994-01-17,,,,,,
1994-01-24,,,,,,
1994-01-31,,,,,,
1994-02-07,,,,,,
1994-02-14,,,,,,
1994-02-21,,,,,,
1994-02-28,,,,,,
1994-03-07,,,,,,
1994-03-14,,,,,,
1994-03-21,,,,,,
1994-03-28,,,,,,
1994-04-04,,,,,,
1994-04-11,,,,,,
1994-04-18,,,,,,
1994-04-25,,,,,,
1994-05-02,,,,,,
1994-05-09,,,,,,
1994-05-16,,,,,,
1994-05-23,,,,,,
1994-05-30,,,,,,
1994-06-06,,,,,,
1994-06-13,,,,,,
1994-06-20,,,,,,
1994-06-27,,,,,,
1994-07-04,,,,,,
1994-07-11,,,,,,
1994-07-18,,,,,,
1994-07-25,,,,,,
1994-08-01,,,,,,
1994-08-08,,,,,,
1994-08-15,,,,,,
1994-08-22,,,,,,
1994-08-29,,,,,,
1994-09-05,,,,,,
1994-09-12,,,,,,
1994-09-19,,,,,,
1994-09-26,,,,,,
1994-10-03,,,,,,
1994-10-10,,,,,,
1994-10-17,,,,,,
1994-10-24,,,,,,
1994-10-31,,,,,,
1994-11-07,,,,,,
1994-11-14,,,,,,
1994-11-21,,,,,,
1994-11-28,,,,,,
1994-12-05,,,,,,
1994-12-12,,,,,,
1994-12-19,,,,,,
1994-12-26,,,,,,
1995-01-02,,,,,,
1995-01-09,,,,,,
1995-01-16,,,,,,
1995-01-23,,,,,,
1995-01-30,,,,,,
1995-02-06,,,,,,
1995-02-13,,,,,,
1995-02-20,,,,,,
1995-02-27,,,,,,
1995-03-06,,,,,,
1995-03-13,,,,,,
1995-03-20,,,,,,
1995-03-27,,,,,,
1995-04-03,,,,,,
1995-04-10,,,,,,
1995-04-17,,,,,,
1995-04-24,,,,,,
1995-05-01,,,,,,
1995-05-08,,,,,,
1995-05-15,,,,,,
1995-05-22,,,,,,
1995-05-29,,,,,,
1995-06-05,,,,,,
1995-06-12,,,,,,
1995-06-19,,,,,,
1995-06-26,,,,,,
1995-07-03,,,,,,
1995-07-10,,,,,,
1995-07-17,,,,,,
1995-07-24,,,,,,
1995-07-31,,,,,,
1995-08-07,,,,,,
1995-08-14,,,,,,
1995-08-21,,,,,,
1995-08-28,,,,,,
1995-09-04,,,,,,
1995-09-11,,,,,,
1995-09-18,,,,,,
1995-09-25,,,,,,
1995-10-02,,,,,,
1995-10-09,,,,,,
1995-10-16,,,,,,
1995-10-23,,,,,,
1995-10-30,,,,,,
1995-11-06,,,,,,
1995-11-13,,,,,,
1995-11-20,,,,,,
1995-11-27,,,,,,
1995-12-04,,,,,,
1995-12-11,,,,,,
1995-12-18,,,,,,
1995-12-25,,,,,,
1996-01-01,,,,,,
1996-01-08,,,,,,
1996-01-15,,,,,,
1996-01-22,,,,,,
1996-01-29,,,,,,
1996-02-05,,,,,,
1996-02-12,,,,,,
1996-02-19,,,,,,
1996-02-26,,,,,,
1996-03-04,,,,,,
1996-03-11,,,,,,
1996-03-18,,,,,,
1996-03-25,,,,,,
1996-04-01,,,,,,
1996-04-08,,,,,,
1996-04-15,,,,,,
1996-04-22,,,,,,
1996-04-29,,,,,,
1996-05-06,,,,,,
1996-05-13,,,,,,
1996-05-20,,,,,,
1996-05-27,,,,,,
1996-06-03,,,,,,
1996-06-10,,,,,,
1996-06-17,,,,,,
1996-06-24,,,,,,
1996-07-01,,,,,,
1996-07-08,,,,,,
1996-07-15,,,,,,
1996-07-22,,,,,,
1996-07-29,,,,,,
1996-08-05,,,,,,
1996-08-12,,,,,,
1996-08-19,,,,,,
1996-08-26,,,,,,
1996-09-02,,,,,,
1996-09-09,,,,,,
1996-09-16,,,,,,
1996-09-23,,,,,,
1996-09-30,,,,,,
1996-10-07,,,,,,
1996-10-14,,,,,,
1996-10-21,,,,,,
1996-10-28,,,,,,
1996-11-04,,,,,,
1996-11-11,,,,,,
1996-11-18,,,,,,
1996-11-25,,,,,,
1996-12-02,,,,,,
1996-12-09,,,,,,
1996-12-16,,,,,,
1996-12-23,,,,,,
1996-12-30,,,,,,
1997-01-06,,,,,,
1997-01-13,,,,,,
1997-01-20,,,,,,
1997-01-27,,,,,,
1997-02-03,,,,,,
1997-02-10,,,,,,
1997-02-17,,,,,,
1997-02-24,,,,,,
1997-03-03,,,,,,
1997-03-10,,,,,,
1997-03-17,,,,,,
1997-03-24,,,,,,
1997-03-31,,,,,,
1997-04-07,,,,,,
1997-04-14,,,,,,
1997-04-21,,,,,,
1997-04-28,,,,,,
1997-05-05,,,,,,
1997-05-12,,,,,,
1997-05-19,,,,,,
1997-05-26,,,,,,
1997-06-02,,,,,,
1997-06-09,,,,,,
1997-06-16,718.4,2.08,,,,95.1
1997-06-23,708.0,2.05,,,,19704.0
1997-06-30,652.0,1.88,,,,24276.6
1997-07-07,560.0,1.62,,,,15471.7
1997-07-14,620.8,1.79,,,,19731.4
1997-07-21,640.0,1.85,,,,27112.3
1997-07-28,644.0,1.86,,,,28083.3
1997-08-04,676.0,1.95,,,,23504.8
1997-08-11,640.0,1.85,,,,16707.0
1997-08-18,574.4,1.66,,,,9332.3
1997-08-25,638.4,1.84,,,,11917.6
1997-09-01,652.0,1.88,,,,13844.6
1997-09-08,656.0,1.9,,,,16342.9
1997-09-15,598.4,1.73,,,,12491.4
1997-09-22,576.0,1.66,,,,6807.0
1997-09-29,562.4,1.63,28.1,,,10086.2
1997-10-06,592.0,1.71,29.6,,,2919.5
1997-10-13,592.0,1.71,29.6,,,5550.7
1997-10-20,632.0,1.83,31.6,,,10717.6
1997-10-27,662.4,1.91,33.1,,,29010.9
1997-11-03,704.0,2.03,35.2,,,36869.9
1997-11-10,668.8,1.93,33.4,,,26215.2
1997-11-17,668.0,1.93,33.4,,,33294.0
1997-11-24,656.0,1.9,32.8,,,9506.0
1997-12-01,645.6,1.87,32.3,,,7934.7
1997-12-08,652.0,1.88,32.6,,,5803.0
1997-12-15,648.0,1.87,32.4,,,6013.0
1997-12-22,688.8,1.99,34.4,,,13664.9
1997-12-29,719.2,2.08,36.0,,,25427.8
1998-01-05,739.2,2.14,37.0,,,12027.8
1998-01-12,712.8,2.06,35.6,,,24220.9
1998-01-19,686.4,1.98,34.3,,,16510.5
1998-01-26,706.4,2.04,35.3,,,6889.1
1998-02-02,706.4,2.04,35.3,,,
1998-02-09,736.0,2.13,36.8,,,4661.8
1998-02-16,768.0,2.22,38.4,,,22642.6
1998-02-23,728.0,2.1,36.4,,,12881.1
1998-03-02,692.8,2.0,34.6,,,7215.7
1998-03-09,720.8,2.08,36.0,,,13893.9
1998-03-16,712.0,2.06,35.6,,,6836.0
1998-03-23,720.0,2.08,33.3,,,8175.8
1998-03-30,735.2,2.12,34.0,,,13110.9
1998-04-06,760.8,2.2,35.2,,,24312.1
1998-04-13,823.2,2.38,38.1,,,40763.4
1998-04-20,812.0,2.35,37.6,,,26092.1
1998-04-27,816.8,2.36,37.8,,,16878.4
1998-05-04,904.8,2.61,41.9,,,30207.7
1998-05-11,877.6,2.54,40.6,,,20135.1
1998-05-18,914.4,2.64,42.3,,,16698.1
1998-05-25,952.0,2.75,44.1,,,12912.6
1998-06-01,1024.0,2.96,47.4,,,23567.0
1998-06-08,999.2,2.89,46.3,,,10390.2
1998-06-15,1054.4,3.05,48.8,,,15858.5
1998-06-22,1092.0,3.16,50.6,,,9684.4
1998-06-29,1140.0,3.29,52.8,,,18260.9
1998-07-06,1008.0,2.91,46.7,,,21756.8
1998-07-13,1086.4,3.14,50.3,,,11339.7
1998-07-20,1064.0,3.07,49.3,,,11854.4
1998-07-27,1217.6,3.52,56.4,,,22123.3
1998-08-03,1125.6,3.25,52.1,,,35470.1
1998-08-10,1195.2,3.45,34.0,,,21922.1
1998-08-17,1042.4,3.01,29.6,,,13747.5
1998-08-24,1145.6,3.31,32.5,,,17514.8
1998-08-31,1111.2,3.21,31.6,,,8135.1
1998-09-07,1159.2,3.35,32.9,,,9954.4
1998-09-14,1212.8,3.5,34.5,,,13908.2
1998-09-21,1180.0,3.41,33.5,,,29302.7
1998-09-28,1182.4,3.42,33.6,,,7753.7
1998-10-05,1228.0,3.55,34.9,,,8149.4
1998-10-12,1425.6,4.12,40.5,,,34153.0
1998-10-19,1523.2,4.4,43.3,,,19332.8
1998-10-26,1644.8,4.75,46.7,,,17094.9
1998-11-02,1559.2,4.51,44.3,,,16312.8
1998-11-09,1636.8,4.73,46.5,,,23332.2
1998-11-16,1804.0,5.21,51.2,,,20590.7
1998-11-23,1710.4,4.94,48.6,,,11533.3
1998-11-30,1711.2,4.94,48.6,,,4758.9
1998-12-07,1677.6,4.85,47.7,,,6101.5
1998-12-14,1577.6,4.56,44.8,,,6928.2
1998-12-21,1627.2,4.7,46.2,,,9366.3
1998-12-28,1578.4,4.56,44.8,,,3888.4
1999-01-04,1580.8,4.57,44.9,,,2700.5
1999-01-11,1572.8,4.54,44.7,,,4072.2
1999-01-18,1540.0,4.45,43.8,,,4568.3
1999-01-25,1637.6,4.73,46.5,,,7899.9
1999-02-01,1758.91,4.78,47.0,,,7386.9
1999-02-08,1717.81,4.67,45.9,,,2105.8
1999-02-15,1791.78,4.87,47.8,,,912.1
1999-02-22,1791.78,4.87,47.8,,,
1999-03-01,1738.36,4.72,46.4,,,2134.6
1999-03-08,1670.55,4.54,44.6,,,8807.6
1999-03-15,1771.24,4.81,47.3,,,21552.9
1999-03-22,1695.21,4.6,45.3,,,5170.4
1999-03-29,1725.0,4.68,46.1,,,6995.0
1999-04-05,1653.09,4.49,44.1,,,17471.0
1999-04-12,1659.25,4.51,44.3,,,4509.9
1999-04-19,1672.61,4.54,44.7,,,8034.7
1999-04-26,1647.95,4.48,44.0,,,2032.3
1999-05-03,1636.03,4.44,26.5,,,4071.8
1999-05-10,1570.98,4.27,25.5,,,3360.9
1999-05-17,1557.48,4.23,25.3,,,1261.7
1999-05-24,1669.17,4.53,27.1,,,4336.4
1999-05-31,1881.5,5.11,30.5,,,20907.6
1999-06-07,2220.24,6.03,36.0,,,26438.6
1999-06-14,1864.31,5.06,30.2,,,34983.7
1999-06-21,2043.5,5.55,33.2,,,34476.0
1999-06-28,2184.65,5.93,35.4,,,28829.0
1999-07-05,2379.79,6.46,38.6,,,57723.4
1999-07-12,2228.83,6.05,36.2,,,25743.8
1999-07-19,2180.96,5.92,35.4,,,26303.3
1999-07-26,2338.06,6.35,37.9,,,39351.6
1999-08-02,2276.7,6.18,36.9,,,32364.1
1999-08-09,2383.47,6.47,38.7,,,39080.4
1999-08-16,2227.6,6.05,36.1,,,12118.2
1999-08-23,2309.83,6.27,37.5,,,28807.8
1999-08-30,2261.97,6.14,36.7,,,18668.5
1999-09-06,2260.74,6.14,36.7,,,11514.9
1999-09-13,2304.93,6.26,37.4,,,24512.4
1999-09-20,2014.05,5.47,32.7,,,57242.1
1999-09-27,1950.23,5.3,31.6,,,15577.2
1999-10-04,1936.73,5.26,31.4,,,4803.9
1999-10-11,1924.45,5.23,31.2,,,1453.5
1999-10-18,1816.45,4.93,29.5,,,4685.3
1999-10-25,1717.03,4.66,27.9,,,4921.0
1999-11-01,1766.13,4.8,28.7,,,10398.6
1999-11-08,1736.67,4.72,28.2,,,3302.9
1999-11-15,1791.9,4.87,29.1,,,6287.7
1999-11-22,1854.5,5.04,30.1,,,11946.2
1999-11-29,1780.86,4.84,28.9,,,5080.3
1999-12-06,1788.22,4.86,29.0,,,2555.0
1999-12-13,1755.08,4.77,28.5,,,2497.2
1999-12-20,1767.35,4.8,28.7,,,3561.5
1999-12-27,1672.85,4.54,27.1,,,3515.4
2000-01-03,1687.58,4.58,22.9,4.2,,1819.3
2000-01-10,1877.81,5.1,25.5,4.68,,13842.3
2000-01-17,1872.91,5.09,25.4,4.66,,14155.0
2000-01-24,1890.09,5.13,25.7,4.71,,30473.5
2000-01-31,1931.82,5.25,26.2,4.81,,14354.0
2000-02-07,1931.82,5.25,26.2,4.81,,
2000-02-14,2085.23,5.66,28.3,5.19,,7332.2
2000-02-21,1914.63,5.2,26.0,4.77,,32350.0
2000-02-28,1850.81,5.03,25.1,4.61,,17861.1
2000-03-06,1888.86,5.13,25.6,4.7,,19102.6
2000-03-13,1950.23,5.3,26.5,4.86,,22779.0
2000-03-20,1886.41,5.12,25.6,4.7,,16107.3
2000-03-27,2005.46,5.45,27.2,4.99,,24506.5
2000-04-03,1940.41,5.27,26.3,4.83,,18067.4
2000-04-10,2045.96,5.56,27.8,5.09,,17788.7
2000-04-17,1958.82,5.32,26.6,4.88,,13586.1
2000-04-24,2025.09,5.5,27.5,5.04,,14498.5
2000-05-01,2052.09,5.57,27.9,5.11,,15815.6
2000-05-08,2130.64,5.79,28.9,5.31,,6282.1
2000-05-15,1917.09,5.21,26.0,4.77,,12894.9
2000-05-22,2037.37,5.53,27.7,5.07,,14146.6
2000-05-29,2037.37,5.53,27.7,5.07,,14132.0
2000-06-05,2072.96,5.63,28.1,5.16,,33811.9
2000-06-12,1960.66,5.32,26.6,4.88,,13827.5
2000-06-19,1953.3,5.3,26.5,4.86,,8179.0
2000-06-26,1973.55,5.36,26.8,4.91,,7144.8
2000-07-03,1918.32,5.21,26.1,4.78,,7645.4
2000-07-10,1979.07,5.37,26.9,4.93,,5740.7
2000-07-17,2102.42,5.71,28.6,5.24,,21433.0
2000-07-24,2026.94,5.5,27.5,5.05,,7722.7
2000-07-31,1986.44,5.39,27.0,4.95,,10027.0
2000-08-07,1984.6,5.39,27.0,4.94,,7916.3
2000-08-14,2014.05,5.47,27.4,5.02,,7520.6
2000-08-21,2187.11,5.94,29.7,5.45,,29346.5
2000-08-28,2163.17,5.87,29.4,5.39,,25888.8
2000-09-04,2006.69,5.45,27.3,5.0,,8910.7
2000-09-11,1977.23,5.37,26.9,4.92,,4234.9
2000-09-18,1929.37,5.24,26.2,4.8,,3311.7
2000-09-25,1841.0,5.0,25.0,4.58,,3591.9
2000-10-02,1861.25,5.05,25.3,4.63,,1632.4
2000-10-09,1883.34,5.11,25.6,4.69,,453.0
2000-10-16,1894.39,5.14,25.7,4.72,,3135.9
2000-10-23,1982.76,5.38,26.9,4.94,,5630.3
2000-10-30,1931.21,5.24,26.2,4.81,,4183.1
2000-11-06,1922.0,5.22,26.1,4.79,,2720.0
2000-11-13,1991.96,5.41,27.1,4.96,,4783.9
2000-11-20,1979.07,5.37,26.9,4.93,,6003.8
2000-11-27,2045.35,5.55,27.8,5.09,,10546.9
2000-12-04,2115.31,5.74,28.7,5.27,,29337.6
2000-12-11,2034.3,5.52,27.6,5.07,,4779.0
2000-12-18,1973.55,5.36,26.8,4.91,,3803.1
2000-12-25,1956.98,5.31,26.6,4.87,,4615.6
2001-01-01,1990.12,5.4,27.0,4.66,,2493.7
2001-01-08,2006.69,5.45,27.3,4.69,,5250.7
2001-01-15,1991.96,5.41,27.1,4.66,,7464.0
2001-01-22,2010.37,5.46,27.3,4.7,,2043.7
2001-01-29,2010.37,5.46,27.3,4.7,,
2001-02-05,2001.17,5.43,27.2,4.68,,577.7
2001-02-12,1960.66,5.32,26.6,4.59,,2211.8
2001-02-19,1929.37,5.24,26.2,4.51,,1441.8
2001-02-26,1910.96,5.19,25.9,4.47,,2190.5
2001-03-05,1933.05,5.25,26.3,4.52,,1490.8
2001-03-12,1940.41,5.27,26.4,4.54,,2834.7
2001-03-19,1969.87,5.35,66.9,4.61,,3040.5
2001-03-26,1966.19,5.34,66.8,4.6,,4117.7
2001-04-02,2010.37,5.46,68.3,4.7,,4201.7
2001-04-09,1969.87,5.35,66.9,4.61,,2970.1
2001-04-16,2032.46,5.52,69.0,4.75,,6460.9
2001-04-23,1982.76,5.38,67.3,4.64,,4820.6
2001-04-30,1931.21,5.24,65.6,4.52,,4584.1
2001-05-07,1931.21,5.24,65.6,4.52,,
2001-05-14,1999.33,5.43,67.9,4.68,,3080.3
2001-05-21,2028.78,5.51,68.9,4.75,,5772.0
2001-05-28,2034.3,5.52,69.1,4.76,,4818.6
2001-06-04,2155.81,5.85,73.2,5.04,,24061.6
2001-06-11,2087.69,5.67,70.9,4.88,,12564.0
2001-06-18,2025.1,5.5,68.8,4.74,,6090.4
2001-06-25,2067.44,5.61,70.2,4.84,,3774.6
2001-07-02,2074.81,5.63,70.4,4.85,,3367.7
2001-07-09,1999.33,5.43,67.9,4.68,,2627.9
2001-07-16,1991.96,5.41,67.6,4.66,,1760.1
2001-07-23,2008.53,5.45,68.2,4.7,,1867.1
2001-07-30,1898.07,5.15,64.4,4.44,,4967.0
2001-08-06,1820.75,4.94,61.8,4.26,,2653.9
2001-08-13,1859.41,5.05,63.1,4.35,,1548.1
2001-08-20,1824.43,4.95,61.9,4.27,,1692.0
2001-08-27,1702.92,4.62,57.8,3.98,,1504.4
2001-09-03,1699.24,4.61,57.7,3.97,,2154.0
2001-09-10,1704.77,4.63,57.9,3.99,,1204.4
2001-09-17,1553.8,4.22,52.8,3.63,,1746.0
2001-09-24,1566.69,4.25,53.2,3.66,,959.0
2001-10-01,1592.46,4.32,54.1,3.73,,727.6
2001-10-08,1557.49,4.23,52.9,3.64,,110.0
2001-10-15,1502.26,4.08,51.0,3.51,,1666.8
2001-10-22,1270.29,3.45,43.1,2.97,,1390.9
2001-10-29,1459.91,3.96,49.6,3.42,,3530.6
2001-11-05,1472.8,4.0,50.0,3.45,,1014.0
2001-11-12,1389.95,3.77,47.2,3.25,,899.0
2001-11-19,1526.19,4.14,51.8,3.57,,3575.7
2001-11-26,1528.03,4.15,51.9,3.57,,1925.3
2001-12-03,1656.9,4.5,56.3,3.88,,3678.6
2001-12-10,1634.81,4.44,55.5,3.82,,2350.0
2001-12-17,1564.85,4.25,53.1,3.66,,1719.3
2001-12-24,1470.96,3.99,49.9,3.44,,1894.0
2001-12-31,1563.01,4.24,53.1,3.66,,986.0
2002-01-07,1500.41,4.07,50.9,7.4,,149.0
2002-01-14,1441.5,3.91,48.9,7.11,,818.3
2002-01-21,1132.21,3.07,38.4,5.59,,1762.3
2002-01-28,1086.19,2.95,36.9,5.36,,3795.4
2002-02-04,1331.04,3.61,45.2,6.57,,5273.5
2002-02-11,1331.04,3.61,45.2,6.57,,2821.1
2002-02-18,1331.04,3.61,45.2,6.57,,
2002-02-25,1353.13,3.67,45.9,6.68,,308.2
2002-03-04,1369.7,3.72,46.5,6.76,,2492.9
2002-03-11,1618.24,4.39,54.9,7.98,,15766.0
2002-03-18,1494.89,4.06,50.8,7.37,,8147.6
2002-03-25,1535.39,4.17,52.1,7.57,,4756.0
2002-04-01,1511.46,4.1,51.3,7.46,,5811.7
2002-04-08,1496.73,4.06,50.8,7.38,,2770.3
2002-04-15,1577.74,4.28,53.6,7.78,,6602.1
2002-04-22,1537.23,4.17,52.2,7.58,,2318.8
2002-04-29,1566.69,4.25,53.2,7.73,,2098.3
2002-05-06,1555.64,4.22,52.8,7.67,,522.4
2002-05-13,1516.98,4.12,51.5,7.48,,2578.2
2002-05-20,1426.77,3.88,48.4,7.04,,3018.7
2002-05-27,1482.0,4.02,50.3,7.31,,2284.9
2002-06-03,1371.54,3.72,46.6,6.77,,1533.2
2002-06-10,1389.95,3.77,47.2,6.86,,2824.2
2002-06-17,1353.13,3.67,45.9,6.68,,1591.3
2002-06-24,1653.22,4.49,56.1,8.16,,16155.4
2002-07-01,1918.32,5.21,65.1,9.46,,32071.6
2002-07-08,1885.18,5.12,64.0,9.3,,21089.7
2002-07-15,1890.71,5.13,64.2,9.33,,11225.4
2002-07-22,1813.38,4.92,61.6,8.95,,8944.5
2002-07-29,1787.61,4.85,60.7,8.82,,3165.5
2002-08-05,1756.31,4.77,59.6,8.66,,1126.0
2002-08-12,1752.63,4.76,59.5,8.65,,1210.1
2002-08-19,1818.91,4.94,61.8,8.97,,2097.4
2002-08-26,1772.88,4.81,60.2,8.75,,3266.3
2002-09-02,1780.25,4.83,60.4,8.78,,1396.5
2002-09-09,1712.13,4.65,58.1,8.45,,1253.5
2002-09-16,1815.23,4.93,70.4,8.96,,8099.2
2002-09-23,1872.3,5.08,72.6,9.24,,25764.6
2002-09-30,1875.98,5.09,72.8,9.25,,3898.0
2002-10-07,1875.98,5.09,72.8,9.25,,
2002-10-14,1811.54,4.92,70.3,8.94,,3241.6
2002-10-21,1748.95,4.75,67.9,8.63,,6567.4
2002-10-28,1741.59,4.73,67.6,8.59,,10783.0
2002-11-04,1728.7,4.69,67.1,8.53,,2237.1
2002-11-11,1671.63,4.54,64.9,8.25,,2053.8
2002-11-18,1509.62,4.1,58.6,7.45,,1863.3
2002-11-25,1421.25,3.86,55.1,7.01,,2220.4
2002-12-02,1419.41,3.85,55.1,7.0,,2526.7
2002-12-09,1424.93,3.87,55.3,7.03,,2936.0
2002-12-16,1526.19,4.14,59.2,7.53,,8046.6
2002-12-23,1550.12,4.21,60.1,7.65,,8140.2
2002-12-30,1474.64,4.0,57.2,7.27,,6855.7
2003-01-06,1417.57,3.85,55.0,9.22,,2066.5
2003-01-13,1454.39,3.95,56.4,9.46,,1637.2
2003-01-20,1515.14,4.11,58.8,9.86,,3455.0
2003-01-27,1568.53,4.26,60.9,10.2,,5924.7
2003-02-03,1535.39,4.17,59.6,9.99,,1590.3
2003-02-10,1535.39,4.17,59.6,9.99,,276.8
2003-02-17,1597.99,4.34,62.0,10.4,,5706.5
2003-02-24,1535.39,4.17,59.6,9.99,,9999.9
2003-03-03,1597.99,4.34,62.0,10.4,,4591.9
2003-03-10,1559.33,4.23,60.5,10.14,,4832.6
2003-03-17,1509.62,4.1,58.6,9.82,,1364.3
2003-03-24,1463.59,3.97,56.8,9.52,,1424.8
2003-03-31,1441.5,3.91,55.9,9.38,,4041.2
2003-04-07,1371.54,3.72,53.2,8.92,,8054.7
2003-04-14,1402.84,3.81,54.4,9.13,,13614.1
2003-04-21,1327.36,3.6,51.5,8.64,,13796.8
2003-04-28,1240.83,3.37,48.1,8.07,,3045.3
2003-05-05,1238.99,3.36,48.1,8.06,,1669.4
2003-05-12,1200.33,3.26,46.6,7.81,,419.0
2003-05-19,1240.83,3.37,48.1,8.07,,3650.4
2003-05-26,1297.9,3.52,50.4,8.44,,3239.9
2003-06-02,1316.31,3.57,51.1,8.56,,8292.1
2003-06-09,1255.56,3.41,48.7,8.17,,3375.0
2003-06-16,1266.61,3.44,49.1,8.24,,1278.4
2003-06-23,1211.38,3.29,,7.88,,1048.0
2003-06-30,1180.08,3.2,,7.68,,754.6
2003-07-07,1312.63,3.56,,8.54,,3219.9
2003-07-14,1323.68,3.59,,8.61,,7452.7
2003-07-21,1327.36,3.6,,8.64,,5439.0
2003-07-28,1266.61,3.44,,8.24,,1899.1
2003-08-04,1226.11,3.33,,7.98,,1932.0
2003-08-11,1226.11,3.33,,7.98,,3751.6
2003-08-18,1218.74,3.31,,7.93,,1057.0
2003-08-25,1187.44,3.22,,7.73,,623.8
2003-09-01,1240.83,3.37,,8.07,,1589.2
2003-09-08,1174.56,3.19,,7.64,,4825.7
2003-09-15,1069.62,2.9,,6.96,,5936.8
2003-09-22,1064.1,2.89,,6.92,,1239.1
2003-09-29,1030.96,2.8,,6.71,,4911.8
2003-10-06,1023.6,2.78,,6.66,,637.9
2003-10-13,1089.87,2.96,,7.09,,4778.3
2003-10-20,1007.03,2.73,,6.55,,1736.0
2003-10-27,966.52,2.63,,6.29,,1835.7
2003-11-03,953.64,2.59,,6.2,,1326.9
2003-11-10,830.29,2.25,,5.4,,2753.7
2003-11-17,839.5,2.28,,5.46,,1056.9
2003-11-24,905.77,2.46,,5.89,,2435.7
2003-12-01,938.91,2.55,,6.11,,5809.2
2003-12-08,946.27,2.57,,6.16,,2731.5
2003-12-15,959.16,2.6,,6.24,,3476.1
2003-12-22,887.36,2.41,,5.77,,5176.1
2003-12-29,843.18,2.29,,5.49,,4285.2
2004-01-05,828.45,2.25,,4.01,,2254.0
2004-01-12,811.88,2.2,,3.93,,6430.9
2004-01-19,870.79,2.36,,4.21,,10064.4
2004-01-26,870.79,2.36,,4.21,,
2004-02-02,935.23,2.54,,4.53,,8917.4
2004-02-09,983.09,2.67,,4.76,,19373.8
2004-02-16,984.93,2.67,,4.77,,7997.1
2004-02-23,1034.64,2.81,,5.01,,14752.5
2004-03-01,984.93,2.67,,4.77,,24506.2
2004-03-08,894.73,2.43,,4.33,,21397.5
2004-03-15,889.2,2.41,,4.3,,20497.1
2004-03-22,905.77,2.46,,4.38,,24389.7
2004-03-29,924.18,2.51,,4.47,,12278.8
2004-04-05,927.86,2.52,,4.49,,21886.1
2004-04-12,979.41,2.66,,4.74,,17773.6
2004-04-19,863.43,2.34,,4.18,,13778.8
2004-04-26,791.63,2.15,,3.83,,7018.2
2004-05-03,804.52,2.18,,3.89,,4041.1
2004-05-10,811.88,2.2,,3.93,,2080.5
2004-05-17,800.83,2.17,,3.88,,7348.3
2004-05-24,782.42,2.13,,3.79,,3395.7
2004-05-31,677.49,1.84,,3.28,,7555.7
2004-06-07,631.46,1.71,,3.06,,8509.3
2004-06-14,603.85,1.64,,2.92,,9278.0
2004-06-21,572.55,1.55,,2.77,,7250.7
2004-06-28,528.37,1.43,,2.56,,3420.6
2004-07-05,616.73,1.67,,2.98,,14414.2
2004-07-12,655.4,1.78,,3.17,,16680.6
2004-07-19,677.49,1.84,,3.28,,13693.4
2004-07-26,592.8,1.61,,2.87,,11071.8
2004-08-02,570.71,1.55,,2.76,,5114.3
2004-08-09,572.55,1.55,,2.77,,3134.2
2004-08-16,548.62,1.49,,2.65,,2225.1
2004-08-23,578.07,1.57,,2.8,,10491.0
2004-08-30,541.25,1.47,,2.62,,3532.3
2004-09-06,561.5,1.52,,2.72,,2932.9
2004-09-13,508.12,1.38,,2.46,,5475.7
2004-09-20,635.14,1.72,,3.07,,31165.8
2004-09-27,565.19,1.53,,2.73,,16307.5
2004-10-04,589.12,1.6,,2.85,,5173.0
2004-10-11,631.46,1.71,,3.06,,8924.5
2004-10-18,614.89,1.67,,2.98,,16549.3
2004-10-25,583.6,1.58,,2.82,,23301.6
2004-11-01,602.01,1.63,,2.91,,17488.7
2004-11-08,590.96,1.6,,2.86,,9807.1
2004-11-15,642.51,1.74,,3.11,,38368.0
2004-11-22,646.19,1.75,,3.13,,13627.9
2004-11-29,614.89,1.67,,2.98,,16563.8
2004-12-06,618.58,1.68,,2.99,,7179.6
2004-12-13,574.39,1.56,,2.78,,9936.7
2004-12-20,552.3,1.5,,2.67,,5939.2
2004-12-27,559.66,1.52,,2.71,,4060.4
2005-01-03,585.44,1.59,,2.63,,3998.1
2005-01-10,592.8,1.61,,2.67,,5374.1
2005-01-17,607.53,1.65,,2.73,,8926.1
2005-01-24,648.03,1.76,,2.92,,22141.8
2005-01-31,587.28,1.59,21.3,2.64,,21912.0
2005-02-07,614.89,1.67,22.3,2.77,,9144.0
2005-02-14,614.89,1.67,22.3,2.77,,
2005-02-21,636.99,1.73,23.1,2.87,,7665.3
2005-02-28,664.6,1.8,24.1,2.99,,22955.2
2005-03-07,692.22,1.88,25.1,3.11,,32062.5
2005-03-14,745.6,2.02,27.0,3.35,,72720.8
2005-03-21,675.65,1.83,24.5,3.04,,36844.2
2005-03-28,688.53,1.87,25.0,3.1,,26388.7
2005-04-04,602.01,1.63,21.8,2.71,,24357.7
2005-04-11,633.3,1.72,23.0,2.85,,19732.7
2005-04-18,578.07,1.57,21.0,2.6,,16799.6
2005-04-25,471.3,1.28,17.1,2.12,,12969.6
2005-05-02,493.39,1.34,17.9,2.22,,9786.3
2005-05-09,460.25,1.25,16.7,2.07,,1453.8
2005-05-16,489.71,1.33,17.7,2.2,,7891.0
2005-05-23,474.98,1.29,17.2,2.14,,22766.2
2005-05-30,487.86,1.32,17.7,2.2,,11008.7
2005-06-06,497.07,1.35,18.0,2.24,,13750.7
2005-06-13,521.0,1.41,18.9,2.34,,32153.9
2005-06-20,489.71,1.33,17.7,2.2,,12542.2
2005-06-27,511.8,1.39,18.5,2.3,,13160.7
2005-07-04,397.66,1.08,14.4,1.79,,13879.0
2005-07-11,379.25,1.03,13.7,1.71,,7245.8
2005-07-18,451.04,1.22,16.3,2.03,,34124.4
2005-07-25,482.34,1.31,17.5,2.17,,27512.4
2005-08-01,487.86,1.32,13.5,2.2,,36385.5
2005-08-08,493.39,1.34,13.7,2.22,,27501.2
2005-08-15,504.43,1.37,14.0,2.27,,35455.4
2005-08-22,493.39,1.34,13.7,2.22,,21142.4
2005-08-29,502.59,1.36,14.0,2.26,,16804.0
2005-09-05,546.78,1.48,15.2,2.46,,37032.3
2005-09-12,521.0,1.41,14.5,2.34,,21755.1
2005-09-19,561.5,1.52,15.6,2.53,,27675.3
2005-09-26,502.59,1.36,14.0,2.26,,19617.3
2005-10-03,486.02,1.32,13.5,2.19,,7604.8
2005-10-10,471.3,1.28,13.1,2.12,,1290.6
2005-10-17,539.41,1.46,15.0,2.43,,24673.9
2005-10-24,526.53,1.43,14.6,2.37,,15542.0
2005-10-31,482.34,1.31,13.4,2.17,,10186.8
2005-11-07,491.55,1.33,13.6,2.21,,6441.9
2005-11-14,476.82,1.29,13.2,2.15,,5802.6
2005-11-21,489.71,1.33,13.6,2.2,,6458.1
2005-11-28,478.66,1.3,13.3,2.15,,4031.9
2005-12-05,427.11,1.16,11.9,1.92,,6080.0
2005-12-12,449.2,1.22,12.5,2.02,,4824.4
2005-12-19,454.73,1.23,12.6,2.05,,5829.1
2005-12-26,456.57,1.24,12.7,2.05,,5422.5
2006-01-02,458.41,1.24,12.7,1.96,,5672.7
2006-01-09,486.02,1.32,13.5,2.08,,11671.8
2006-01-16,489.71,1.33,13.6,2.09,,19660.2
2006-01-23,509.96,1.38,14.2,2.18,,12996.9
2006-01-30,509.96,1.38,14.2,2.18,,6179.0
2006-02-06,517.32,1.4,14.4,2.21,,2600.0
2006-02-13,508.12,1.38,14.1,2.17,,12628.1
2006-02-20,497.07,1.35,13.8,2.12,,11686.6
2006-02-27,500.75,1.36,32.1,2.14,,12716.0
2006-03-06,487.86,1.32,31.3,2.09,,8670.8
2006-03-13,467.61,1.27,30.0,2.0,,5845.0
2006-03-20,476.82,1.29,30.6,2.04,,4874.6
2006-03-27,491.55,1.33,31.5,2.1,,9277.4
2006-04-03,513.64,1.39,32.9,2.2,,14242.5
2006-04-10,543.09,1.47,34.8,2.32,,18904.5
2006-04-17,589.12,1.6,34.1,2.52,,25758.2
2006-04-24,539.41,1.46,31.3,2.31,,14335.2
2006-05-01,703.26,1.91,40.8,3.01,,34217.3
2006-05-08,773.22,2.1,44.8,3.31,,4511.1
2006-05-15,916.82,2.49,53.1,3.92,,95547.6
2006-05-22,948.11,2.57,55.0,4.05,,61781.1
2006-05-29,1134.06,3.08,65.7,4.85,,104394.8
2006-06-05,1483.85,4.03,86.0,6.34,,42840.8
2006-06-12,1483.85,4.03,86.0,6.34,,
2006-06-19,1483.85,4.03,86.0,6.34,,
2006-06-26,1483.85,4.03,86.0,6.34,,
2006-07-03,1483.85,4.03,86.0,6.34,,
2006-07-10,1483.85,4.03,86.0,6.34,,
2006-07-17,1483.85,4.03,86.0,6.34,,
2006-07-24,1483.85,4.03,86.0,6.34,,
2006-07-31,1483.85,4.03,86.0,6.34,,
2006-08-07,1483.85,4.03,103.3,6.34,,
2006-08-14,1483.85,4.03,103.3,6.34,,
2006-08-21,1483.85,4.03,103.3,6.34,,
2006-08-28,1483.85,4.03,103.3,6.34,,
2006-09-04,1483.85,4.03,103.3,6.34,,
2006-09-11,1483.85,4.03,103.3,6.34,,
2006-09-18,1483.85,4.03,103.3,6.34,,
2006-09-25,1483.85,4.03,103.3,6.34,,
2006-10-02,1483.85,4.03,103.3,6.34,,
2006-10-09,1483.85,4.03,103.3,6.34,,
2006-10-16,2036.15,5.53,141.8,8.7,,67429.4
2006-10-23,1942.25,5.27,161.8,8.3,,56651.5
2006-10-30,1942.25,5.27,161.8,8.3,,
2006-11-06,1942.25,5.27,161.8,8.3,,
2006-11-13,1942.25,5.27,161.8,8.3,,
2006-11-20,1942.25,5.27,161.8,8.3,,
2006-11-27,1942.25,5.27,161.8,8.3,,
2006-12-04,1942.25,5.27,161.8,8.3,,
2006-12-11,1942.25,5.27,161.8,8.3,,
2006-12-18,1942.25,5.27,161.8,8.3,,
2006-12-25,1942.25,5.27,161.8,8.3,,
2007-01-01,1942.25,5.27,161.8,7.55,,
2007-01-08,1942.25,5.27,161.8,7.55,,
2007-01-15,1942.25,5.27,161.8,7.55,,
2007-01-22,1942.25,5.27,161.8,7.55,,
2007-01-29,1942.25,5.27,161.8,7.55,,
2007-02-05,1942.25,5.27,161.8,7.55,,
2007-02-12,1942.25,5.27,161.8,7.55,,
2007-02-19,1942.25,5.27,161.8,7.55,,
2007-02-26,1942.25,5.27,161.8,7.55,,
2007-03-05,1942.25,5.27,161.8,7.55,,
2007-03-12,1942.25,5.27,161.8,7.55,,
2007-03-19,1942.25,5.27,173.5,7.55,,
2007-03-26,1942.25,5.27,173.5,7.55,,
2007-04-02,1942.25,5.27,173.5,7.55,,
2007-04-09,1942.25,5.27,173.5,7.55,,
2007-04-16,1942.25,5.27,173.5,7.55,,
2007-04-23,1942.25,5.27,173.5,7.55,,
2007-04-30,1942.25,5.27,173.5,7.55,,
2007-05-07,1942.25,5.27,207.8,7.55,,
2007-05-14,1942.25,5.27,207.8,7.55,,
2007-05-21,1942.25,5.27,207.8,7.55,,
2007-05-28,1942.25,5.27,207.8,7.55,,
2007-06-04,1942.25,5.27,207.8,7.55,,
2007-06-11,1942.25,5.27,207.8,7.55,,
2007-06-18,1942.25,5.27,207.8,7.55,,
2007-06-25,1942.25,5.27,207.8,7.55,,
2007-07-02,1942.25,5.27,207.8,7.55,,
2007-07-09,1942.25,5.27,207.8,7.55,,
2007-07-16,1942.25,5.27,207.8,7.55,,
2007-07-23,1942.25,5.27,212.1,7.55,,
2007-07-30,1942.25,5.27,212.1,7.55,,
2007-08-06,1942.25,5.27,212.1,7.55,,
2007-08-13,1942.25,5.27,212.1,7.55,,
2007-08-20,1942.25,5.27,212.1,7.55,,
2007-08-27,1942.25,5.27,212.1,7.55,,
2007-09-03,1942.25,5.27,212.1,7.55,,
2007-09-10,1942.25,5.27,212.1,7.55,,
2007-09-17,1942.25,5.27,212.1,7.55,,
2007-09-24,1942.25,5.27,212.1,7.55,,
2007-10-01,1942.25,5.27,212.1,7.55,,
2007-10-08,1942.25,5.27,212.1,7.55,,
2007-10-15,1942.25,5.27,212.1,7.55,,
2007-10-22,1942.25,5.27,156.4,7.55,,
2007-10-29,1942.25,5.27,156.4,7.55,,
2007-11-05,1942.25,5.27,156.4,7.55,,
2007-11-12,1942.25,5.27,156.4,7.55,,
2007-11-19,1942.25,5.27,156.4,7.55,,
2007-11-26,1942.25,5.27,156.4,7.55,,
2007-12-03,1942.25,5.27,156.4,7.55,,
2007-12-10,1942.25,5.27,156.4,7.55,,
2007-12-17,1942.25,5.27,156.4,7.55,,
2007-12-24,1942.25,5.27,156.4,7.55,,
2007-12-31,1942.25,5.27,156.4,7.55,,
2008-01-07,1942.25,5.27,156.4,7.28,,
2008-01-14,1942.25,5.27,156.4,7.28,,
2008-01-21,1942.25,5.27,156.4,7.28,,
2008-01-28,1942.25,5.27,156.4,7.28,,
2008-02-04,1942.25,5.27,156.4,7.28,,
2008-02-11,1942.25,5.27,156.4,7.28,,
2008-02-18,1942.25,5.27,156.4,7.28,,
2008-02-25,1942.25,5.27,156.4,7.28,,
2008-03-03,1942.25,5.27,156.4,7.28,,
2008-03-10,1942.25,5.27,156.4,7.28,,
2008-03-17,1942.25,5.27,156.4,7.28,,
2008-03-24,1942.25,5.27,156.4,7.28,,
2008-03-31,1942.25,5.27,156.4,7.28,,
2008-04-07,1942.25,5.27,156.4,7.28,,
2008-04-14,1942.25,5.27,171.3,7.28,,
2008-04-21,1942.25,5.27,168.1,7.28,,
2008-04-28,1942.25,5.27,168.1,7.28,,
2008-05-05,1942.25,5.27,168.1,7.28,,
2008-05-12,1942.25,5.27,168.1,7.28,,
2008-05-19,1942.25,5.27,168.1,7.28,,
2008-05-26,1942.25,5.27,168.1,7.28,,
2008-06-02,1942.25,5.27,168.1,7.28,,
2008-06-09,1942.25,5.27,168.1,7.28,,
2008-06-16,1942.25,5.27,168.1,7.28,,
2008-06-23,1942.25,5.27,168.1,7.28,,
2008-06-30,1942.25,5.27,168.1,7.28,,
2008-07-07,1942.25,5.27,168.1,7.28,,
2008-07-14,1942.25,5.27,168.1,7.28,,
2008-07-21,1942.25,5.27,168.1,7.28,,
2008-07-28,1942.25,5.27,168.1,7.28,,
2008-08-04,1942.25,5.27,168.1,7.28,,
2008-08-11,1942.25,5.27,215.0,7.28,,
2008-08-18,1942.25,5.27,215.0,7.28,,
2008-08-25,1942.25,5.27,215.0,7.28,,
2008-09-01,1942.25,5.27,215.0,7.28,,
2008-09-08,1942.25,5.27,215.0,7.28,,
2008-09-15,1942.25,5.27,215.0,7.28,,
2008-09-22,1942.25,5.27,215.0,7.28,,
2008-09-29,1942.25,5.27,215.0,7.28,,
2008-10-06,1942.25,5.27,215.0,7.28,,
2008-10-13,1942.25,5.27,215.0,7.28,,
2008-10-20,1942.25,5.27,215.0,7.28,,
2008-10-27,1942.25,5.27,164.1,7.28,,
2008-11-03,1942.25,5.27,164.1,7.28,,
2008-11-10,1942.25,5.27,164.1,7.28,,
2008-11-17,1942.25,5.27,164.1,7.28,,
2008-11-24,1942.25,5.27,164.1,7.28,,
2008-12-01,1942.25,5.27,164.1,7.28,,
2008-12-08,1942.25,5.27,164.1,7.28,,
2008-12-15,1942.25,5.27,164.1,7.28,,
2008-12-22,1942.25,5.27,164.1,7.28,,
2008-12-29,1942.25,5.27,164.1,7.28,,
2009-01-05,1942.25,5.27,164.1,7.5,,
2009-01-12,1942.25,5.27,164.1,7.5,,
2009-01-19,1942.25,5.27,164.1,7.5,,
2009-01-26,1942.25,5.27,164.1,7.5,,
2009-02-02,1942.25,5.27,164.1,7.5,,
2009-02-09,1942.25,5.27,164.1,7.5,,
2009-02-16,1942.25,5.27,164.1,7.5,,
2009-02-23,1942.25,5.27,164.1,7.5,,
2009-03-02,1942.25,5.27,164.1,7.5,,
2009-03-09,1942.25,5.27,164.1,7.5,,
2009-03-16,1942.25,5.27,164.1,7.5,,
2009-03-23,1942.25,5.27,164.1,7.5,,
2009-03-30,1942.25,5.27,164.1,7.5,,
2009-04-06,1942.25,5.27,164.1,7.5,,
2009-04-13,1942.25,5.27,153.8,7.5,,
2009-04-20,1942.25,5.27,153.8,7.5,,
2009-04-27,1942.25,5.27,153.8,7.5,,
2009-05-04,1942.25,5.27,153.8,7.5,,
2009-05-11,1942.25,5.27,158.1,7.5,,
2009-05-18,1942.25,5.27,158.1,7.5,,
2009-05-25,1942.25,5.27,158.1,7.5,,
2009-06-01,1942.25,5.27,158.1,7.5,,
2009-06-08,1942.25,5.27,158.1,7.5,,
2009-06-15,1942.25,5.27,158.1,7.5,,
2009-06-22,1942.25,5.27,158.1,7.5,,
2009-06-29,1942.25,5.27,158.1,7.5,,
2009-07-06,1942.25,5.27,158.1,7.5,,
2009-07-13,1942.25,5.27,158.1,7.5,,
2009-07-20,1942.25,5.27,158.1,7.5,,
2009-07-27,1942.25,5.27,158.1,7.5,,
2009-08-03,1942.25,5.27,158.1,7.5,,
2009-08-10,1942.25,5.27,158.1,7.5,,
2009-08-17,1942.25,5.27,188.6,7.5,,
2009-08-24,1942.25,5.27,188.6,7.5,,
2009-08-31,1942.25,5.27,188.6,7.5,,
2009-09-07,1942.25,5.27,188.6,7.5,,
2009-09-14,1942.25,5.27,188.6,7.5,,
2009-09-21,1942.25,5.27,188.6,7.5,,
2009-09-28,1942.25,5.27,188.6,7.5,,
2009-10-05,1942.25,5.27,188.6,7.5,,
2009-10-12,1942.25,5.27,188.6,7.5,,
2009-10-19,1942.25,5.27,188.6,7.5,,
2009-10-26,1942.25,5.27,253.5,7.5,,
2009-11-02,1942.25,5.27,253.5,7.5,,
2009-11-09,1942.25,5.27,253.5,7.5,,
2009-11-16,1942.25,5.27,253.5,7.5,,
2009-11-23,1942.25,5.27,253.5,7.5,,
2009-11-30,1942.25,5.27,253.5,7.5,,
2009-12-07,1942.25,5.27,253.5,7.5,,
2009-12-14,1942.25,5.27,253.5,7.5,,
2009-12-21,1942.25,5.27,253.5,7.5,,
2009-12-28,1942.25,5.27,253.5,7.5,,
2010-01-04,1942.36,5.27,253.5,1.36,,
2010-01-11,1942.36,5.27,253.5,1.36,,
2010-01-18,1942.36,5.27,253.5,1.36,,
2010-01-25,1942.36,5.27,253.5,1.36,,
2010-02-01,1942.36,5.27,253.5,1.36,,
2010-02-08,1942.36,5.27,253.5,1.36,,
2010-02-15,125477.6,25.02,,6.47,,68642.6
2010-02-22,138037.9,27.53,,7.11,1238315.0,47333.5
2010-03-01,136082.4,27.14,,7.01,2235732.0,82560.6
2010-03-08,130366.4,26.0,,6.72,1533085.0,58042.6
2010-03-15,138639.6,27.65,,7.15,1840956.0,68054.7
2010-03-22,144280.4,28.77,,7.44,1632069.0,56129.7
2010-03-29,142625.8,28.44,,7.35,1221713.0,43301.8
2010-04-05,140093.6,27.94,,7.22,810430.5,28934.6
2010-04-12,132371.9,26.4,,6.82,817993.4,30038.7
2010-04-19,124800.7,24.89,,6.43,1128750.0,42166.5
2010-04-26,115299.0,22.99,,5.94,853583.3,35702.5
2010-05-03,117956.4,23.52,,6.08,523735.4,22740.0
2010-05-10,95217.56,18.99,,4.91,648056.3,30763.6
2010-05-17,77442.56,15.44,,3.99,744341.3,43409.8
2010-05-24,87922.06,17.53,,4.53,745661.9,45050.9
2010-05-31,82582.0,16.47,,4.26,1463416.0,83329.3
2010-06-07,85941.44,17.14,,4.43,1070663.0,62337.2
2010-06-14,88247.94,17.6,,4.55,744627.3,42005.4
2010-06-21,87445.69,17.44,,4.51,397896.6,23164.1
2010-06-28,85540.31,17.06,,4.41,457847.8,26153.3
2010-07-05,73155.5,14.59,,3.77,501954.0,32493.3
2010-07-12,77191.88,15.39,,3.98,679941.9,45396.2
2010-07-19,73155.5,14.59,,3.77,545500.5,37206.9
2010-07-26,79874.38,15.93,,4.12,917882.1,59054.5
2010-08-02,82682.31,16.49,,4.26,307861.4,19000.5
2010-08-09,83284.0,16.61,,4.29,704372.4,42320.9
2010-08-16,79498.38,15.85,,4.1,652217.8,41794.8
2010-08-23,76439.75,15.24,,3.94,703273.1,44521.4
2010-08-30,77116.69,15.38,,3.97,476235.2,31468.3
2010-09-06,81880.06,16.33,,4.22,941957.3,60670.3
2010-09-13,82431.63,16.44,,4.25,1130059.0,69910.0
2010-09-20,78620.88,15.68,,4.05,1211944.0,73609.6
2010-09-27,79097.19,15.77,,4.08,184951.9,11804.5
2010-10-04,78269.88,15.61,,4.03,314308.4,20313.8
2010-10-11,93587.94,18.66,,4.82,778489.7,44648.5
2010-10-18,121516.4,24.23,,6.26,3786687.0,171225.6
2010-10-25,146135.6,29.14,,7.53,3500809.0,134691.6
2010-11-01,137762.1,27.47,55.0,7.1,2869339.0,102984.8
2010-11-08,150422.7,30.0,60.1,7.75,3384055.0,116366.1
2010-11-15,127834.2,25.49,51.1,6.59,2396815.0,85500.8
2010-11-22,120638.9,24.06,48.2,6.22,1884655.0,77616.2
2010-11-29,117455.0,23.42,46.9,6.05,1672964.0,69901.9
2010-12-06,125577.9,25.04,50.2,6.47,1500600.0,64145.4
2010-12-13,137110.3,27.34,54.8,7.07,2594403.0,99243.7
2010-12-20,125151.7,24.96,50.0,6.45,1506666.0,56928.8
2010-12-27,133249.4,26.57,53.2,6.87,1933055.0,72616.4
2011-01-03,133224.4,26.57,53.2,4.97,1234856.0,48318.9
2011-01-10,127884.3,25.5,51.1,4.77,1994791.0,74143.4
2011-01-17,109708.3,21.88,43.8,4.09,1021978.0,42092.8
2011-01-24,107828.0,21.5,43.1,4.02,728962.3,32635.3
2011-01-31,111688.8,22.27,44.6,4.17,832598.4,38118.4
2011-02-07,114070.6,22.75,45.6,4.26,172952.0,7673.5
2011-02-14,122544.3,24.44,49.0,4.57,1169720.0,50762.7
2011-02-21,118833.9,23.7,47.5,4.43,2414052.0,99938.1
2011-02-28,111713.9,22.28,44.6,4.17,2575714.0,114149.7
2011-03-07,116201.5,23.17,46.4,4.34,2331602.0,104689.1
2011-03-14,108078.7,21.55,43.2,4.03,1753902.0,78395.9
2011-03-21,102688.6,20.48,41.0,3.83,1711957.0,82470.9
2011-03-28,103891.9,20.72,41.5,3.88,1274531.0,61415.9
2011-04-04,97097.81,19.36,38.8,3.62,1096093.0,55435.4
2011-04-11,98727.38,19.69,24.6,3.68,1361450.0,68090.3
2011-04-18,98150.75,19.57,24.5,3.66,1384344.0,69795.2
2011-04-25,93913.88,18.73,23.4,3.5,1190274.0,61926.5
2011-05-02,88247.94,17.6,23.3,3.29,471363.1,26168.2
2011-05-09,84788.25,16.91,22.4,3.16,723048.5,42854.2
2011-05-16,85264.56,17.0,22.5,3.18,745261.1,44136.0
2011-05-23,79849.31,15.92,21.1,2.98,702624.0,42191.3
2011-05-30,81478.94,16.25,21.5,3.04,1412190.0,85295.7
2011-06-06,85139.25,16.98,22.5,3.18,1273346.0,75358.3
2011-06-13,81854.94,16.32,21.6,3.05,898708.7,54229.4
2011-06-20,85841.19,17.12,22.7,3.2,1702836.0,100041.1
2011-06-27,94891.63,18.92,25.1,3.54,4257420.0,232278.7
2011-07-04,100031.1,19.95,26.4,3.73,3639751.0,186457.6
2011-07-11,94515.56,18.85,25.0,3.53,2002021.0,104010.1
2011-07-18,91055.88,18.16,24.1,3.4,1925656.0,104965.7
2011-07-25,85214.44,16.99,22.5,3.18,1481808.0,82495.9
2011-08-01,88047.38,17.56,23.3,3.29,1076055.0,62543.5
2011-08-08,77969.06,15.55,20.6,2.91,1014700.0,60878.5
2011-08-15,81253.25,16.2,21.5,3.03,1104558.0,69913.0
2011-08-22,77492.75,15.45,20.5,2.89,791114.3,49864.7
2011-08-29,94116.56,15.9,21.4,2.98,1395601.0,85847.4
2011-09-05,90002.69,15.2,20.5,2.85,732860.2,46383.4
2011-09-12,90357.88,15.26,20.5,2.86,721967.8,47224.3
2011-09-19,90032.31,15.21,20.5,2.85,698873.6,45654.4
2011-09-26,89381.19,15.1,20.3,2.83,1013002.0,64707.0
2011-10-03,91156.94,15.4,20.7,2.88,542961.3,35105.6
2011-10-10,92340.88,15.6,21.0,2.92,144431.0,9297.2
2011-10-17,96661.88,16.33,22.0,3.06,1681515.0,101871.7
2011-10-24,93643.06,15.82,21.3,2.96,735005.9,46921.9
2011-10-31,94826.94,16.02,28.6,3.0,984891.1,61286.1
2011-11-07,95566.88,16.14,28.9,3.02,941704.4,57923.6
2011-11-14,94353.38,15.94,28.5,2.98,433471.8,27292.5
2011-11-21,90061.94,15.21,27.2,2.85,643132.3,41795.5
2011-11-28,83550.69,14.11,25.2,2.64,578922.0,39709.4
2011-12-05,78667.25,13.29,23.8,2.49,664585.8,48419.4
2011-12-12,76773.13,12.97,23.2,2.43,276477.8,20847.2
2011-12-19,67775.81,11.45,20.5,2.14,481621.1,40967.2
2011-12-26,61264.61,10.35,18.5,1.94,363823.8,33517.0
2012-01-02,62152.5,10.5,18.8,1.88,461447.6,44479.5
2012-01-09,63513.93,10.73,19.2,1.92,368265.5,35487.3
2012-01-16,64816.17,10.95,19.6,1.96,701910.3,63535.6
2012-01-23,74819.75,12.64,22.6,2.26,978962.6,78965.1
2012-01-30,73695.06,12.45,22.3,2.23,121664.9,9784.3
2012-02-06,72718.38,12.28,22.0,2.2,625608.2,50866.9
2012-02-13,72422.44,12.23,21.9,2.19,895588.3,74480.4
2012-02-20,72215.25,12.2,21.8,2.19,852003.4,69604.1
2012-02-27,80739.06,13.64,24.4,2.44,1760234.0,135559.1
2012-03-05,86066.38,14.54,26.0,2.6,1623447.0,114853.4
2012-03-12,89440.38,15.11,27.0,2.71,1659451.0,110373.6
2012-03-19,87901.38,14.85,26.6,2.66,1227149.0,83081.4
2012-03-26,79673.56,13.46,24.1,2.41,1122039.0,80453.7
2012-04-02,80443.06,13.59,24.3,2.43,805731.6,60249.7
2012-04-09,87901.38,14.85,26.6,2.66,1256559.0,85288.4
2012-04-16,91896.88,15.52,27.8,2.78,1713269.0,112247.8
2012-04-23,93199.13,15.74,40.8,2.82,3146589.0,200651.4
2012-04-30,88937.25,15.02,41.4,2.69,1315802.0,85402.4
2012-05-07,97224.25,16.42,45.3,2.94,1728938.0,107286.3
2012-05-14,94560.56,15.97,44.0,2.86,1877622.0,116618.2
2012-05-21,90269.06,15.25,42.0,2.73,2257566.0,141194.6
2012-05-28,93051.13,15.72,43.3,2.82,1213423.0,76982.4
2012-06-04,93672.69,15.82,43.6,2.83,1718174.0,105591.1
2012-06-11,93939.0,15.87,43.8,2.84,898399.7,57589.8
2012-06-18,94649.38,15.99,44.1,2.86,1091121.0,68351.5
2012-06-25,84201.81,14.22,39.2,2.55,977837.9,64447.6
2012-07-02,88552.5,14.96,41.2,2.68,844763.9,57812.1
2012-07-09,79792.0,13.48,37.2,2.41,980642.9,56836.6
2012-07-16,87427.88,14.77,40.7,2.65,1362155.0,93331.6
2012-07-23,89973.13,15.2,41.9,2.72,2270966.0,146250.9
2012-07-30,80502.31,13.6,37.5,2.44,1325747.0,89808.3
2012-08-06,83166.0,14.05,38.7,2.52,1180990.0,86620.4
2012-08-13,75885.25,12.82,35.3,2.3,1392973.0,101430.7
2012-08-20,75352.5,12.73,35.1,2.28,843351.9,66830.3
2012-08-27,65348.93,11.04,30.4,1.98,828196.3,68823.1
2012-09-03,61974.94,10.47,28.6,1.88,2635085.0,252648.1
2012-09-10,71860.13,12.14,33.2,2.17,2712998.0,237523.6
2012-09-17,71031.44,12.0,32.8,2.15,4086905.0,329360.9
2012-09-24,74050.31,12.51,34.2,2.24,3301864.0,268667.6
2012-10-01,80502.31,13.6,37.2,2.44,3566115.0,274145.2
2012-10-08,78489.75,13.26,36.2,2.37,594371.3,44303.7
2012-10-15,79318.44,13.4,36.6,2.4,2896831.0,211845.9
2012-10-22,83402.75,14.09,38.5,2.52,2504214.0,182140.4
2012-10-29,74760.56,12.63,34.5,2.26,2027336.0,153434.4
2012-11-05,77957.0,13.17,33.8,2.36,1697823.0,129850.9
2012-11-12,74050.31,12.51,32.1,2.24,1530764.0,120185.5
2012-11-19,73103.19,12.35,31.7,2.21,1016767.0,83436.1
2012-11-26,72037.69,12.17,31.3,2.18,1013112.0,81860.8
2012-12-03,64520.23,10.9,28.0,1.95,1082873.0,94200.4
2012-12-10,75293.31,12.72,32.7,2.28,2382212.0,194684.8
2012-12-17,82396.44,13.92,35.7,2.49,2929338.0,218889.6
2012-12-24,81567.81,13.78,35.4,2.47,4297062.0,307804.4
2012-12-31,91275.38,15.42,39.6,2.76,6274339.0,431033.4
2013-01-07,88848.5,15.01,38.5,2.56,1869129.0,122205.9
2013-01-14,90920.25,15.36,39.4,2.62,3823887.0,255464.7
2013-01-21,88966.88,15.03,38.6,2.57,3651507.0,243071.9
2013-01-28,88434.19,14.94,38.4,2.55,3900447.0,262992.9
2013-02-04,93406.31,15.78,40.5,2.7,8982829.0,571969.0
2013-02-11,99207.19,16.76,43.0,2.86,5429363.0,328947.8
2013-02-18,95300.5,16.1,41.3,2.75,935663.7,57366.3
2013-02-25,89499.63,15.12,38.8,2.58,3463161.0,226149.4
2013-03-04,89085.25,15.05,38.6,2.57,4503879.0,288961.9
2013-03-11,86007.25,14.53,37.3,2.48,3913072.0,257306.5
2013-03-18,84172.25,14.22,36.5,2.43,2781697.0,193445.1
2013-03-25,85237.75,14.4,37.0,2.46,2588535.0,176487.7
2013-04-01,77720.19,13.13,33.7,2.24,1845793.0,135688.3
2013-04-08,77601.81,13.11,33.7,2.24,927520.7,69900.6
2013-04-15,75530.06,12.76,32.8,2.18,1228861.0,93393.3
2013-04-22,81212.63,13.72,35.2,2.34,1968052.0,147325.0
2013-04-29,77838.63,13.15,35.6,2.25,1192889.0,89642.6
2013-05-06,81863.75,13.83,37.4,2.36,1130103.0,82948.6
2013-05-13,78489.75,13.26,35.8,2.27,1480612.0,109689.1
2013-05-20,81627.0,13.79,37.3,2.36,1854263.0,137017.3
2013-05-27,81449.38,13.76,37.2,2.35,1591422.0,115995.1
2013-06-03,82988.44,14.02,37.9,2.4,2218174.0,156282.4
2013-06-10,77187.5,13.04,35.3,2.23,1517678.0,111947.7
2013-06-17,71741.75,12.12,32.8,2.07,900006.8,73208.4
2013-06-24,66414.38,11.22,30.3,1.92,1284708.0,107974.4
2013-07-01,65763.25,11.11,30.0,1.9,1648227.0,149994.1
2013-07-08,65171.37,11.01,29.8,1.88,1444149.0,130860.5
2013-07-15,75174.94,12.7,34.3,2.17,2549699.0,209207.8
2013-07-22,69551.63,11.75,31.8,2.01,2245724.0,182953.6
2013-07-29,68012.63,11.49,31.1,1.96,1547407.0,129564.1
2013-08-05,72748.06,12.29,33.2,2.1,1476130.0,122326.8
2013-08-12,75174.94,12.7,34.3,2.17,1731903.0,140336.3
2013-08-19,70143.56,11.85,32.0,2.02,2344262.0,190216.1
2013-08-26,70498.69,11.91,32.2,2.03,1325350.0,113165.3
2013-09-02,70202.75,11.86,33.7,2.03,1391852.0,117436.9
2013-09-09,72452.06,12.24,34.8,2.09,1791809.0,149500.4
2013-09-16,74227.88,12.54,35.7,2.14,2973478.0,233283.1
2013-09-23,74287.06,12.55,35.7,2.14,774481.3,62039.8
2013-09-30,70143.56,11.85,33.7,2.02,1262552.0,105163.6
2013-10-07,70143.56,11.85,33.7,2.02,,
2013-10-14,70202.75,11.86,33.7,2.03,1167455.0,97995.9
2013-10-21,71149.81,12.02,34.2,2.05,1290559.0,109092.0
2013-10-28,67835.0,11.46,32.6,1.96,902971.2,76923.8
2013-11-04,68663.69,11.6,25.6,1.98,892332.1,76759.4
2013-11-11,66118.44,11.17,24.6,1.91,767625.9,67119.6
2013-11-18,73991.13,12.5,27.6,2.14,1725793.0,145403.3
2013-11-25,71505.0,12.08,26.6,2.06,1588499.0,129883.3
2013-12-02,79732.81,13.47,29.7,2.3,3351458.0,258818.1
2013-12-09,79318.44,13.4,29.5,2.29,3106339.0,229417.3
2013-12-16,74523.81,12.59,27.8,2.15,1773750.0,137321.5
2013-12-23,73044.0,12.34,27.2,2.11,1425191.0,112857.6
2013-12-30,72096.88,12.18,26.9,2.08,1913685.0,157363.0
2014-01-06,70735.5,11.95,26.4,1.79,1439532.0,118140.2
2014-01-13,67479.88,11.4,25.1,1.7,1208535.0,102575.6
2014-01-20,67539.06,11.41,25.2,1.71,1081388.0,94466.5
2014-01-27,69137.25,11.68,25.8,1.75,1414365.0,119462.2
2014-02-03,68012.63,11.49,25.3,1.72,623895.2,53389.5
2014-02-10,70380.31,11.89,26.2,1.78,502773.1,42959.0
2014-02-17,70557.94,11.92,26.3,1.78,1628804.0,136415.8
2014-02-24,63750.76,10.77,23.7,1.61,1932361.0,171115.9
2014-03-03,61915.75,10.46,23.1,1.56,1703163.0,161800.4
2014-03-10,59015.29,9.97,22.0,1.49,1564144.0,151874.3
2014-03-17,58837.73,9.94,21.9,1.49,1305967.0,132139.9
2014-03-24,60791.11,10.27,22.6,1.53,1333732.0,134039.7
2014-03-31,58482.56,9.88,21.8,1.48,1116612.0,110332.2
2014-04-07,60968.67,10.3,22.7,1.54,845625.5,83239.4
2014-04-14,62981.24,10.64,23.5,1.59,1981488.0,185976.9
2014-04-21,60613.51,10.24,21.6,1.53,983638.8,93910.6
2014-04-28,59429.64,10.04,19.9,1.5,892903.4,87396.1
2014-05-05,60139.97,10.16,20.1,1.52,278441.6,27481.8
2014-05-12,63513.96,10.73,21.3,1.6,1299937.0,124408.3
2014-05-19,60258.34,10.18,20.2,1.52,1168225.0,110692.8
2014-05-26,60021.59,10.14,20.1,1.52,983303.1,96672.9
2014-06-02,59903.22,10.12,20.1,1.51,1028167.0,101103.8
2014-06-09,59015.29,9.97,19.8,1.49,827091.1,82406.1
2014-06-16,60199.16,10.17,20.2,1.52,1092139.0,107987.4
2014-06-23,57002.76,9.63,19.1,1.44,1001913.0,101750.9
2014-06-30,58009.02,9.8,19.4,1.46,822402.8,84335.9
2014-07-07,58305.0,9.85,19.5,1.47,710780.0,72126.6
2014-07-14,57357.88,9.69,19.2,1.45,769578.4,79907.9
2014-07-21,56351.62,9.52,18.9,1.42,890108.6,92581.7
2014-07-28,62270.91,10.52,20.8,1.57,3087570.0,306428.2
2014-08-04,63869.13,10.79,21.4,1.61,3030335.0,286342.6
2014-08-11,63099.62,10.66,21.1,1.59,1946129.0,182939.4
2014-08-18,63158.8,10.67,20.2,1.59,2032932.0,191800.0
2014-08-25,61027.86,10.31,19.5,1.54,1686953.0,160536.8
2014-09-01,61087.05,10.32,19.5,1.54,1153325.0,112891.1
2014-09-08,63869.13,10.79,20.4,1.61,2046152.0,192821.1
2014-09-15,62922.05,10.63,20.1,1.59,1995320.0,186880.6
2014-09-22,61383.02,10.37,19.6,1.55,1829981.0,174866.1
2014-09-29,64757.02,10.94,20.7,1.63,3489302.0,321426.6
2014-10-06,64816.21,10.95,20.7,1.64,385147.4,35169.0
2014-10-13,63632.34,10.75,20.4,1.61,1971473.0,180992.9
2014-10-20,67361.5,11.38,21.5,1.7,4283158.0,382464.9
2014-10-27,62981.24,10.64,20.1,1.59,2625603.0,236035.6
2014-11-03,69314.88,11.71,19.5,1.75,4909396.0,429679.8
2014-11-10,77246.69,13.05,21.8,1.95,7086188.0,574165.6
2014-11-17,79732.81,13.47,22.5,2.01,6569262.0,491975.6
2014-11-24,87723.81,14.82,24.7,2.21,415204.9,28016.5
2014-12-01,108559.8,18.34,30.6,2.74,19498380.0,1137852.0
2014-12-08,156861.2,26.5,44.2,3.96,31328720.0,1428246.0
2014-12-15,147982.3,25.0,41.7,3.74,31471540.0,1298317.0
2014-12-22,145081.8,24.51,40.9,3.66,31206210.0,1240979.0
2014-12-29,150349.9,25.4,42.4,3.8,22015920.0,887466.3
2015-01-05,154256.6,26.06,43.5,3.89,12441910.0,479234.7
2015-01-12,155558.9,26.28,43.9,3.93,24373520.0,907641.2
2015-01-19,138215.4,23.35,39.0,3.49,12822660.0,502143.3
2015-01-26,139103.3,23.5,39.2,3.51,16278350.0,712786.9
2015-02-02,125784.9,21.25,35.5,3.18,9322040.0,415202.8
2015-02-09,135906.9,22.96,38.3,3.43,11702360.0,518943.8
2015-02-16,138037.9,23.32,27.5,3.48,10085220.0,430150.3
2015-02-23,138333.8,23.37,27.5,3.49,1768977.0,75096.5
2015-03-02,143779.5,24.29,28.6,3.63,8679151.0,365825.3
2015-03-09,132651.3,22.41,26.4,3.35,10062360.0,438502.4
2015-03-16,138984.9,23.48,27.7,3.51,9348888.0,410778.4
2015-03-23,158518.6,26.78,31.6,4.0,20462700.0,804307.9
2015-03-30,163194.9,27.57,32.5,4.12,19110160.0,717926.8
2015-04-06,172132.9,29.08,34.3,4.35,18304670.0,639401.3
2015-04-13,177519.5,29.99,35.3,4.48,27850140.0,915664.0
2015-04-20,163076.4,27.55,32.5,4.12,17663620.0,609901.6
2015-04-27,171185.8,28.92,25.5,4.32,21314480.0,725021.6
2015-05-04,165088.9,27.89,24.6,4.17,9464073.0,332322.6
2015-05-11,166568.8,28.14,24.8,4.21,11317810.0,411787.8
2015-05-18,153723.9,25.97,22.9,3.88,11494130.0,416965.1
2015-05-25,172192.1,29.09,25.6,4.35,15765170.0,561796.1
2015-06-01,161596.6,27.3,24.1,4.08,17605260.0,632510.1
2015-06-08,176039.7,29.74,26.2,4.44,17310300.0,619950.5
2015-06-15,160471.9,27.11,23.9,4.05,13905000.0,489318.3
2015-06-22,147212.7,24.87,21.9,3.72,7275353.0,274325.7
2015-06-29,124305.1,21.0,18.5,3.14,12111350.0,503874.4
2015-07-06,124778.6,21.08,18.6,3.15,12150620.0,568963.1
2015-07-13,132296.1,22.35,19.7,3.34,19683600.0,981668.8
2015-07-20,119155.3,20.13,17.7,3.01,9728652.0,476695.6
2015-07-27,105600.1,17.84,15.7,2.67,9438795.0,474456.9
2015-08-03,112880.9,19.07,16.8,2.85,8575951.0,463133.7
2015-08-10,115485.3,19.51,17.2,2.92,5313131.0,280687.9
2015-08-17,112466.4,19.0,16.8,2.84,4654093.0,243014.5
2015-08-24,82041.31,13.86,12.2,2.07,5496814.0,329016.6
2015-08-31,79673.63,13.46,11.9,2.01,7908239.0,619022.6
2015-09-07,79910.38,13.5,11.9,2.02,5291236.0,386838.0
2015-09-14,77009.94,13.01,11.5,1.94,4052467.0,294242.5
2015-09-21,80679.88,13.63,12.0,2.04,3088297.0,232987.8
2015-09-28,77779.44,13.14,11.6,1.96,2850282.0,206967.0
2015-10-05,77542.63,13.1,11.6,1.96,706808.1,54053.5
2015-10-12,89085.25,15.05,13.3,2.25,2837145.0,197417.4
2015-10-19,94057.5,15.89,14.0,2.37,4510594.0,291727.3
2015-10-26,95300.56,16.1,14.2,2.41,4482291.0,284185.9
2015-11-02,89854.75,15.18,13.4,2.27,3530265.0,226035.1
2015-11-09,114183.0,19.29,17.0,2.88,15891010.0,863028.5
2015-11-16,114005.4,19.26,17.0,2.88,11176790.0,565040.2
2015-11-23,112348.1,18.98,16.7,2.84,7762587.0,399052.6
2015-11-30,104179.5,17.6,15.5,2.63,6745562.0,361905.9
2015-12-07,117320.4,19.82,17.5,2.96,11078140.0,564093.6
2015-12-14,123476.4,20.86,18.4,3.12,8960547.0,459420.4
2015-12-21,127560.7,21.55,19.0,3.22,12398110.0,589524.0
2015-12-28,118385.8,20.0,17.6,2.99,13940320.0,650770.1
2016-01-04,103705.9,17.52,15.4,2.62,5873447.0,299844.4
2016-01-11,92340.88,15.6,13.8,2.33,6486125.0,379426.4
2016-01-18,93820.69,15.85,14.0,2.37,5349617.0,335601.4
2016-01-25,91985.75,15.54,13.7,2.32,4014076.0,251540.9
2016-02-01,79910.38,13.5,11.9,2.02,5342611.0,388852.4
2016-02-08,80324.75,13.57,12.0,2.03,2860346.0,206894.3
2016-02-15,79436.88,13.42,11.8,2.01,496773.2,37262.2
2016-02-22,87309.5,14.75,13.0,2.2,4142243.0,288882.0
2016-02-29,75766.88,12.8,11.3,1.91,4008281.0,292064.4
2016-03-07,86125.63,14.55,12.8,2.17,7070019.0,495527.2
2016-03-14,85592.88,14.46,12.7,2.16,4248353.0,300401.9
2016-03-21,100391.2,16.96,9.2,2.53,8291315.0,531430.3
2016-03-28,95655.69,16.16,8.8,2.41,7356481.0,445259.9
2016-04-04,98260.25,16.6,9.0,2.48,5003810.0,302771.8
