,MTBV,MV,P,PE,PTBV,VA,VO
1990-01-01,,,,,,,
1990-01-08,,,,,,,
1990-01-15,,,,,,,
1990-01-22,,,,,,,
1990-01-29,,,,,,,
1990-02-05,,,,,,,
1990-02-12,,,,,,,
1990-02-19,,,,,,,
1990-02-26,,,,,,,
1990-03-05,,,,,,,
1990-03-12,,,,,,,
1990-03-19,,,,,,,
1990-03-26,,,,,,,
1990-04-02,,,,,,,
1990-04-09,,,,,,,
1990-04-16,,,,,,,
1990-04-23,,,,,,,
1990-04-30,,,,,,,
1990-05-07,,,,,,,
1990-05-14,,,,,,,
1990-05-21,,,,,,,
1990-05-28,,,,,,,
1990-06-04,,,,,,,
1990-06-11,,,,,,,
1990-06-18,,,,,,,
1990-06-25,,,,,,,
1990-07-02,,,,,,,
1990-07-09,,,,,,,
1990-07-16,,,,,,,
1990-07-23,,,,,,,
1990-07-30,,,,,,,
1990-08-06,,,,,,,
1990-08-13,,,,,,,
1990-08-20,,,,,,,
1990-08-27,,,,,,,
1990-09-03,,,,,,,
1990-09-10,,,,,,,
1990-09-17,,,,,,,
1990-09-24,,,,,,,
1990-10-01,,,,,,,
1990-10-08,,,,,,,
1990-10-15,,,,,,,
1990-10-22,,,,,,,
1990-10-29,,,,,,,
1990-11-05,,,,,,,
1990-11-12,,,,,,,
1990-11-19,,,,,,,
1990-11-26,,,,,,,
1990-12-03,,,,,,,
1990-12-10,,,,,,,
1990-12-17,,,,,,,
1990-12-24,,,,,,,
1990-12-31,,,,,,,
1991-01-07,,,,,,,
1991-01-14,,,,,,,
1991-01-21,,,,,,,
1991-01-28,,,,,,,
1991-02-04,,,,,,,
1991-02-11,,,,,,,
1991-02-18,,,,,,,
1991-02-25,,,,,,,
1991-03-04,,,,,,,
1991-03-11,,,,,,,
1991-03-18,,,,,,,
1991-03-25,,,,,,,
1991-04-01,,,,,,,
1991-04-08,,,,,,,
1991-04-15,,,,,,,
1991-04-22,,,,,,,
1991-04-29,,,,,,,
1991-05-06,,,,,,,
1991-05-13,,,,,,,
1991-05-20,,,,,,,
1991-05-27,,,,,,,
1991-06-03,,,,,,,
1991-06-10,,,,,,,
1991-06-17,,,,,,,
1991-06-24,,,,,,,
1991-07-01,,,,,,,
1991-07-08,,,,,,,
1991-07-15,,,,,,,
1991-07-22,,,,,,,
1991-07-29,,,,,,,
1991-08-05,,,,,,,
1991-08-12,,,,,,,
1991-08-19,,,,,,,
1991-08-26,,,,,,,
1991-09-02,,,,,,,
1991-09-09,,,,,,,
1991-09-16,,,,,,,
1991-09-23,,,,,,,
1991-09-30,,,,,,,
1991-10-07,,,,,,,
1991-10-14,,,,,,,
1991-10-21,,,,,,,
1991-10-28,,,,,,,
1991-11-04,,,,,,,
1991-11-11,,,,,,,
1991-11-18,,,,,,,
1991-11-25,,,,,,,
1991-12-02,,,,,,,
1991-12-09,,,,,,,
1991-12-16,,,,,,,
1991-12-23,,,,,,,
1991-12-30,,,,,,,
1992-01-06,,,,,,,
1992-01-13,,,,,,,
1992-01-20,,,,,,,
1992-01-27,,,,,,,
1992-02-03,,,,,,,
1992-02-10,,,,,,,
1992-02-17,,,,,,,
1992-02-24,,,,,,,
1992-03-02,,,,,,,
1992-03-09,,,,,,,
1992-03-16,,,,,,,
1992-03-23,,,,,,,
1992-03-30,,,,,,,
1992-04-06,,,,,,,
1992-04-13,,,,,,,
1992-04-20,,,,,,,
1992-04-27,,,,,,,
1992-05-04,,,,,,,
1992-05-11,,,,,,,
1992-05-18,,,,,,,
1992-05-25,,,,,,,
1992-06-01,,,,,,,
1992-06-08,,,,,,,
1992-06-15,,,,,,,
1992-06-22,,,,,,,
1992-06-29,,,,,,,
1992-07-06,,,,,,,
1992-07-13,,,,,,,
1992-07-20,,,,,,,
1992-07-27,,,,,,,
1992-08-03,,,,,,,
1992-08-10,,,,,,,
1992-08-17,,,,,,,
1992-08-24,,,,,,,
1992-08-31,,,,,,,
1992-09-07,,,,,,,
1992-09-14,,,,,,,
1992-09-21,,,,,,,
1992-09-28,,,,,,,
1992-10-05,,,,,,,
1992-10-12,,,,,,,
1992-10-19,,,,,,,
1992-10-26,,,,,,,
1992-11-02,,,,,,,
1992-11-09,,,,,,,
1992-11-16,,,,,,,
1992-11-23,,,,,,,
1992-11-30,,,,,,,
1992-12-07,,,,,,,
1992-12-14,,,,,,,
1992-12-21,,,,,,,
1992-12-28,,,,,,,
1993-01-04,,,,,,,
1993-01-11,,,,,,,
1993-01-18,,,,,,,
1993-01-25,,,,,,,
1993-02-01,,,,,,,
1993-02-08,,,,,,,
1993-02-15,,,,,,,
1993-02-22,,,,,,,
1993-03-01,,,,,,,
1993-03-08,,,,,,,
1993-03-15,,,,,,,
1993-03-22,,,,,,,
1993-03-29,,,,,,,
1993-04-05,,,,,,,
1993-04-12,,,,,,,
1993-04-19,,,,,,,
1993-04-26,,,,,,,
1993-05-03,,,,,,,
1993-05-10,,,,,,,
1993-05-17,,,,,,,
1993-05-24,,,,,,,
1993-05-31,,,,,,,
1993-06-07,,,,,,,
1993-06-14,,,,,,,
1993-06-21,,,,,,,
1993-06-28,,,,,,,
1993-07-05,,,,,,,
1993-07-12,,,,,,,
1993-07-19,,,,,,,
1993-07-26,,,,,,,
1993-08-02,,,,,,,
1993-08-09,,,,,,,
1993-08-16,,,,,,,
1993-08-23,,,,,,,
1993-08-30,,,,,,,
1993-09-06,,,,,,,
1993-09-13,,,,,,,
1993-09-20,,,,,,,
1993-09-27,,,,,,,
1993-10-04,,,,,,,
1993-10-11,,,,,,,
1993-10-18,,,,,,,
1993-10-25,,,,,,,
1993-11-01,,,,,,,
1993-11-08,,,,,,,
1993-11-15,,,,,,,
1993-11-22,,,,,,,
1993-11-29,,,,,,,
1993-12-06,,,,,,,
1993-12-13,,,,,,,
1993-12-20,,,,,,,
1993-12-27,,,,,,,
1994-01-03,,,,,,,
1994-01-10,,,,,,,
1994-01-17,,,,,,,
1994-01-24,,,,,,,
1994-01-31,,,,,,,
1994-02-07,,,,,,,
1994-02-14,,,,,,,
1994-02-21,,,,,,,
1994-02-28,,,,,,,
1994-03-07,,,,,,,
1994-03-14,,,,,,,
1994-03-21,,,,,,,
1994-03-28,,,,,,,
1994-04-04,,,,,,,
1994-04-11,,,,,,,
1994-04-18,,,,,,,
1994-04-25,,,,,,,
1994-05-02,,,,,,,
1994-05-09,,,,,,,
1994-05-16,,,,,,,
1994-05-23,,,,,,,
1994-05-30,,,,,,,
1994-06-06,,,,,,,
1994-06-13,,,,,,,
1994-06-20,,,,,,,
1994-06-27,,,,,,,
1994-07-04,,,,,,,
1994-07-11,,,,,,,
1994-07-18,,,,,,,
1994-07-25,,,,,,,
1994-08-01,,,,,,,
1994-08-08,,,,,,,
1994-08-15,,,,,,,
1994-08-22,,,,,,,
1994-08-29,,,,,,,
1994-09-05,,,,,,,
1994-09-12,,,,,,,
1994-09-19,,,,,,,
1994-09-26,,,,,,,
1994-10-03,,,,,,,
1994-10-10,,,,,,,
1994-10-17,,,,,,,
1994-10-24,,,,,,,
1994-10-31,,,,,,,
1994-11-07,,,,,,,
1994-11-14,,,,,,,
1994-11-21,,,,,,,
1994-11-28,,,,,,,
1994-12-05,,,,,,,
1994-12-12,,,,,,,
1994-12-19,,,,,,,
1994-12-26,,,,,,,
1995-01-02,,,,,,,
1995-01-09,,,,,,,
1995-01-16,,,,,,,
1995-01-23,,,,,,,
1995-01-30,,,,,,,
1995-02-06,,,,,,,
1995-02-13,,,,,,,
1995-02-20,,,,,,,
1995-02-27,,,,,,,
1995-03-06,,,,,,,
1995-03-13,,,,,,,
1995-03-20,,,,,,,
1995-03-27,,,,,,,
1995-04-03,,,,,,,
1995-04-10,,,,,,,
1995-04-17,,,,,,,
1995-04-24,,,,,,,
1995-05-01,,,,,,,
1995-05-08,,,,,,,
1995-05-15,,,,,,,
1995-05-22,,,,,,,
1995-05-29,,,,,,,
1995-06-05,,,,,,,
1995-06-12,,,,,,,
1995-06-19,,,,,,,
1995-06-26,,,,,,,
1995-07-03,,,,,,,
1995-07-10,,,,,,,
1995-07-17,,,,,,,
1995-07-24,,,,,,,
1995-07-31,,,,,,,
1995-08-07,,,,,,,
1995-08-14,,,,,,,
1995-08-21,,,,,,,
1995-08-28,,,,,,,
1995-09-04,,,,,,,
1995-09-11,,,,,,,
1995-09-18,,,,,,,
1995-09-25,,,,,,,
1995-10-02,,,,,,,
1995-10-09,,,,,,,
1995-10-16,,,,,,,
1995-10-23,,,,,,,
1995-10-30,,,,,,,
1995-11-06,,,,,,,
1995-11-13,,,,,,,
1995-11-20,,,,,,,
1995-11-27,,,,,,,
1995-12-04,,,,,,,
1995-12-11,,,,,,,
1995-12-18,,,,,,,
1995-12-25,,,,,,,
1996-01-01,,,,,,,
1996-01-08,,,,,,,
1996-01-15,,,,,,,
1996-01-22,,,,,,,
1996-01-29,,,,,,,
1996-02-05,,,,,,,
1996-02-12,,,,,,,
1996-02-19,,,,,,,
1996-02-26,,,,,,,
1996-03-04,,,,,,,
1996-03-11,,,,,,,
1996-03-18,,,,,,,
1996-03-25,,,,,,,
1996-04-01,,,,,,,
1996-04-08,,,,,,,
1996-04-15,,,,,,,
1996-04-22,,,,,,,
1996-04-29,,,,,,,
1996-05-06,,,,,,,
1996-05-13,,,,,,,
1996-05-20,,,,,,,
1996-05-27,,,,,,,
1996-06-03,,,,,,,
1996-06-10,,,,,,,
1996-06-17,,,,,,,
1996-06-24,,,,,,,
1996-07-01,,,,,,,
1996-07-08,,,,,,,
1996-07-15,,,,,,,
1996-07-22,,,,,,,
1996-07-29,,,,,,,
1996-08-05,,,,,,,
1996-08-12,,,,,,,
1996-08-19,,,,,,,
1996-08-26,,,,,,,
1996-09-02,,,,,,,
1996-09-09,,,,,,,
1996-09-16,,,,,,,
1996-09-23,,,,,,,
1996-09-30,,,,,,,
1996-10-07,,,,,,,
1996-10-14,,,,,,,
1996-10-21,,,,,,,
1996-10-28,,,,,,,
1996-11-04,,,,,,,
1996-11-11,,,,,,,
1996-11-18,,,,,,,
1996-11-25,,,,,,,
1996-12-02,,,,,,,
1996-12-09,,,,,,,
1996-12-16,,,,,,,
1996-12-23,,,,,,,
1996-12-30,,,,,,,
1997-01-06,,,,,,,
1997-01-13,,,,,,,
1997-01-20,,,,,,,
1997-01-27,,,,,,,
1997-02-03,,,,,,,
1997-02-10,,,,,,,
1997-02-17,,,,,,,
1997-02-24,,,,,,,
1997-03-03,,,,,,,
1997-03-10,,,,,,,
1997-03-17,,,,,,,
1997-03-24,,,,,,,
1997-03-31,,,,,,,
1997-04-07,,,,,,,
1997-04-14,,,,,,,
1997-04-21,,,,,,,
1997-04-28,,,,,,,
1997-05-05,,,,,,,
1997-05-12,,,,,,,
1997-05-19,,,,,,,
1997-05-26,,,,,,,
1997-06-02,,,,,,,
1997-06-09,,,,,,,
1997-06-16,,,,,,,
1997-06-23,,,,,,,
1997-06-30,,,,,,,
1997-07-07,,,,,,,
1997-07-14,,,,,,,
1997-07-21,,,,,,,
1997-07-28,,,,,,,
1997-08-04,,,,,,,
1997-08-11,,,,,,,
1997-08-18,,,,,,,
1997-08-25,,,,,,,
1997-09-01,,,,,,,
1997-09-08,,,,,,,
1997-09-15,,,,,,,
1997-09-22,,,,,,,
1997-09-29,,,,,,,
1997-10-06,,,,,,,
1997-10-13,,,,,,,
1997-10-20,,,,,,,
1997-10-27,,,,,,,
1997-11-03,,,,,,,
1997-11-10,,,,,,,
1997-11-17,,,,,,,
1997-11-24,,,,,,,
1997-12-01,,,,,,,
1997-12-08,,,,,,,
1997-12-15,,,,,,,
1997-12-22,,,,,,,
1997-12-29,,,,,,,
1998-01-05,,,,,,,
1998-01-12,,,,,,,
1998-01-19,,,,,,,
1998-01-26,,,,,,,
1998-02-02,,,,,,,
1998-02-09,,,,,,,
1998-02-16,,,,,,,
1998-02-23,,,,,,,
1998-03-02,,,,,,,
1998-03-09,,,,,,,
1998-03-16,,,,,,,
1998-03-23,,,,,,,
1998-03-30,,,,,,,
1998-04-06,,,,,,,
1998-04-13,,,,,,,
1998-04-20,,,,,,,
1998-04-27,,,,,,,
1998-05-04,,,,,,,
1998-05-11,,,,,,,
1998-05-18,,,,,,,
1998-05-25,,,,,,,
1998-06-01,,,,,,,
1998-06-08,,,,,,,
1998-06-15,,,,,,,
1998-06-22,,,,,,,
1998-06-29,,,,,,,
1998-07-06,,,,,,,
1998-07-13,,,,,,,
1998-07-20,,,,,,,
1998-07-27,,,,,,,
1998-08-03,,,,,,,
1998-08-10,,,,,,,
1998-08-17,,,,,,,
1998-08-24,,,,,,,
1998-08-31,,,,,,,
1998-09-07,,,,,,,
1998-09-14,,,,,,,
1998-09-21,,,,,,,
1998-09-28,,,,,,,
1998-10-05,,,,,,,
1998-10-12,,,,,,,
1998-10-19,,,,,,,
1998-10-26,,,,,,,
1998-11-02,,,,,,,
1998-11-09,,,,,,,
1998-11-16,,,,,,,
1998-11-23,,,,,,,
1998-11-30,,,,,,,
1998-12-07,,,,,,,
1998-12-14,,,,,,,
1998-12-21,,,,,,,
1998-12-28,,,,,,,
1999-01-04,,,,,,,
1999-01-11,,,,,,,
1999-01-18,,,,,,,
1999-01-25,,,,,,,
1999-02-01,,,,,,,
1999-02-08,,,,,,,
1999-02-15,,,,,,,
1999-02-22,,,,,,,
1999-03-01,,,,,,,
1999-03-08,,,,,,,
1999-03-15,,,,,,,
1999-03-22,,,,,,,
1999-03-29,,,,,,,
1999-04-05,,,,,,,
1999-04-12,,,,,,,
1999-04-19,,,,,,,
1999-04-26,,,,,,,
1999-05-03,,,,,,,
1999-05-10,,,,,,,
1999-05-17,,,,,,,
1999-05-24,,,,,,,
1999-05-31,,,,,,,
1999-06-07,,,,,,,
1999-06-14,,,,,,,
1999-06-21,,,,,,,
1999-06-28,,,,,,,
1999-07-05,,,,,,,
1999-07-12,,,,,,,
1999-07-19,,,,,,,
1999-07-26,,,,,,,
1999-08-02,,,,,,,
1999-08-09,,,,,,,
1999-08-16,,,,,,,
1999-08-23,,,,,,,
1999-08-30,,,,,,,
1999-09-06,,,,,,,
1999-09-13,,,,,,,
1999-09-20,,,,,,,
1999-09-27,,,,,,,
1999-10-04,,,,,,,
1999-10-11,,,,,,,
1999-10-18,,,,,,,
1999-10-25,,,,,,,
1999-11-01,,,,,,,
1999-11-08,,,,,,,
1999-11-15,,,,,,,
1999-11-22,,,,,,,
1999-11-29,,,,,,,
1999-12-06,,,,,,,
1999-12-13,,,,,,,
1999-12-20,,,,,,,
1999-12-27,,,,,,,
2000-01-03,,,,,,,
2000-01-10,,,,,,,
2000-01-17,,,,,,,
2000-01-24,,,,,,,
2000-01-31,,,,,,,
2000-02-07,,,,,,,
2000-02-14,,,,,,,
2000-02-21,,,,,,,
2000-02-28,,,,,,,
2000-03-06,,,,,,,
2000-03-13,,,,,,,
2000-03-20,,,,,,,
2000-03-27,,,,,,,
2000-04-03,,,,,,,
2000-04-10,,,,,,,
2000-04-17,,,,,,,
2000-04-24,,,,,,,
2000-05-01,,,,,,,
2000-05-08,,,,,,,
2000-05-15,,,,,,,
2000-05-22,,,,,,,
2000-05-29,,,,,,,
2000-06-05,,,,,,,
2000-06-12,,,,,,,
2000-06-19,,,,,,,
2000-06-26,,,,,,,
2000-07-03,,,,,,,
2000-07-10,,,,,,,
2000-07-17,,,,,,,
2000-07-24,,,,,,,
2000-07-31,,,,,,,
2000-08-07,,,,,,,
2000-08-14,,,,,,,
2000-08-21,,,,,,,
2000-08-28,,,,,,,
2000-09-04,,,,,,,
2000-09-11,,,,,,,
2000-09-18,,,,,,,
2000-09-25,,,,,,,
2000-10-02,,,,,,,
2000-10-09,,,,,,,
2000-10-16,,,,,,,
2000-10-23,,,,,,,
2000-10-30,,,,,,,
2000-11-06,,,,,,,
2000-11-13,,,,,,,
2000-11-20,,,,,,,
2000-11-27,,,,,,,
2000-12-04,,,,,,,
2000-12-11,,,,,,,
2000-12-18,,,,,,,
2000-12-25,,,,,,,
2001-01-01,,,,,,,
2001-01-08,,,,,,,
2001-01-15,,,,,,,
2001-01-22,,,,,,,
2001-01-29,,,,,,,
2001-02-05,,,,,,,
2001-02-12,,,,,,,
2001-02-19,,,,,,,
2001-02-26,,,,,,,
2001-03-05,,,,,,,
2001-03-12,,,,,,,
2001-03-19,,,,,,,
2001-03-26,,,,,,,
2001-04-02,,,,,,,
2001-04-09,,,,,,,
2001-04-16,,,,,,,
2001-04-23,,,,,,,
2001-04-30,,,,,,,
2001-05-07,,,,,,,
2001-05-14,,,,,,,
2001-05-21,,,,,,,
2001-05-28,,,,,,,
2001-06-04,,,,,,,
2001-06-11,,,,,,,
2001-06-18,,,,,,,
2001-06-25,,,,,,,
2001-07-02,,,,,,,
2001-07-09,,,,,,,
2001-07-16,,,,,,,
2001-07-23,,,,,,,
2001-07-30,,,,,,,
2001-08-06,,,,,,,
2001-08-13,,,,,,,
2001-08-20,,,,,,,
2001-08-27,,,,,,,
2001-09-03,,,,,,,
2001-09-10,,,,,,,
2001-09-17,,,,,,,
2001-09-24,,,,,,,
2001-10-01,,,,,,,
2001-10-08,,,,,,,
2001-10-15,,,,,,,
2001-10-22,,,,,,,
2001-10-29,,,,,,,
2001-11-05,,,,,,,
2001-11-12,,,,,,,
2001-11-19,,,,,,,
2001-11-26,,,,,,,
2001-12-03,,,,,,,
2001-12-10,,,,,,,
2001-12-17,,,,,,,
2001-12-24,,,,,,,
2001-12-31,,,,,,,
2002-01-07,,,,,,,
2002-01-14,,,,,,,
2002-01-21,,,,,,,
2002-01-28,,,,,,,
2002-02-04,,,,,,,
2002-02-11,,,,,,,
2002-02-18,,,,,,,
2002-02-25,,,,,,,
2002-03-04,,,,,,,
2002-03-11,,,,,,,
2002-03-18,,,,,,,
2002-03-25,,,,,,,
2002-04-01,,,,,,,
2002-04-08,,,,,,,
2002-04-15,,,,,,,
2002-04-22,,,,,,,
2002-04-29,,,,,,,
2002-05-06,,,,,,,
2002-05-13,,,,,,,
2002-05-20,,,,,,,
2002-05-27,,,,,,,
2002-06-03,,,,,,,
2002-06-10,,,,,,,
2002-06-17,,,,,,,
2002-06-24,,,,,,,
2002-07-01,,,,,,,
2002-07-08,,,,,,,
2002-07-15,,,,,,,
2002-07-22,,,,,,,
2002-07-29,,,,,,,
2002-08-05,,,,,,,
2002-08-12,,,,,,,
2002-08-19,,,,,,,
2002-08-26,,,,,,,
2002-09-02,,,,,,,
2002-09-09,,,,,,,
2002-09-16,,,,,,,
2002-09-23,,,,,,,
2002-09-30,,,,,,,
2002-10-07,,,,,,,
2002-10-14,,,,,,,
2002-10-21,,,,,,,
2002-10-28,,,,,,,
2002-11-04,,,,,,,
2002-11-11,,,,,,,
2002-11-18,,,,,,,
2002-11-25,,,,,,,
2002-12-02,,,,,,,
2002-12-09,,,,,,,
2002-12-16,,,,,,,
2002-12-23,,,,,,,
2002-12-30,,,,,,,
2003-01-06,,,,,,,
2003-01-13,,,,,,,
2003-01-20,,,,,,,
2003-01-27,,,,,,,
2003-02-03,,,,,,,
2003-02-10,,,,,,,
2003-02-17,,,,,,,
2003-02-24,,,,,,,
2003-03-03,,,,,,,
2003-03-10,,,,,,,
2003-03-17,,,,,,,
2003-03-24,,,,,,,
2003-03-31,,,,,,,
2003-04-07,,,,,,,
2003-04-14,,,,,,,
2003-04-21,,,,,,,
2003-04-28,,,,,,,
2003-05-05,,,,,,,
2003-05-12,,,,,,,
2003-05-19,,,,,,,
2003-05-26,,,,,,,
2003-06-02,,,,,,,
2003-06-09,,,,,,,
2003-06-16,,,,,,,
2003-06-23,,,,,,,
2003-06-30,,,,,,,
2003-07-07,,,,,,,
2003-07-14,,,,,,,
2003-07-21,,,,,,,
2003-07-28,,,,,,,
2003-08-04,,,,,,,
2003-08-11,,,,,,,
2003-08-18,,,,,,,
2003-08-25,,,,,,,
2003-09-01,,,,,,,
2003-09-08,,,,,,,
2003-09-15,,,,,,,
2003-09-22,,,,,,,
2003-09-29,,,,,,,
2003-10-06,,,,,,,
2003-10-13,,,,,,,
2003-10-20,,,,,,,
2003-10-27,,,,,,,
2003-11-03,,,,,,,
2003-11-10,,,,,,,
2003-11-17,,,,,,,
2003-11-24,,,,,,,
2003-12-01,,,,,,,
2003-12-08,,,,,,,
2003-12-15,,,,,,,
2003-12-22,,,,,,,
2003-12-29,,,,,,,
2004-01-05,,,,,,,
2004-01-12,,,,,,,
2004-01-19,,,,,,,
2004-01-26,,,,,,,
2004-02-02,,,,,,,
2004-02-09,,,,,,,
2004-02-16,,,,,,,
2004-02-23,,,,,,,
2004-03-01,,,,,,,
2004-03-08,,,,,,,
2004-03-15,,,,,,,
2004-03-22,,,,,,,
2004-03-29,,,,,,,
2004-04-05,,,,,,,
2004-04-12,,,,,,,
2004-04-19,,,,,,,
2004-04-26,,,,,,,
2004-05-03,,,,,,,
2004-05-10,,,,,,,
2004-05-17,,,,,,,
2004-05-24,,,,,,,
2004-05-31,,,,,,,
2004-06-07,,,,,,,
2004-06-14,,,,,,,
2004-06-21,,,,,,,
2004-06-28,,,,,,,
2004-07-05,,,,,,,
2004-07-12,,,,,,,
2004-07-19,,,,,,,
2004-07-26,,,,,,,
2004-08-02,,,,,,,
2004-08-09,,,,,,,
2004-08-16,,,,,,,
2004-08-23,,,,,,,
2004-08-30,,,,,,,
2004-09-06,,,,,,,
2004-09-13,,,,,,,
2004-09-20,,,,,,,
2004-09-27,,,,,,,
2004-10-04,,,,,,,
2004-10-11,,,,,,,
2004-10-18,,,,,,,
2004-10-25,,,,,,,
2004-11-01,,,,,,,
2004-11-08,,,,,,,
2004-11-15,,,,,,,
2004-11-22,,,,,,,
2004-11-29,,,,,,,
2004-12-06,,,,,,,
2004-12-13,,,,,,,
2004-12-20,,,,,,,
2004-12-27,,,,,,,
2005-01-03,,,,,,,
2005-01-10,,,,,,,
2005-01-17,,,,,,,
2005-01-24,,,,,,,
2005-01-31,,,,,,,
2005-02-07,,,,,,,
2005-02-14,,,,,,,
2005-02-21,,,,,,,
2005-02-28,,,,,,,
2005-03-07,,,,,,,
2005-03-14,,,,,,,
2005-03-21,,,,,,,
2005-03-28,,,,,,,
2005-04-04,,,,,,,
2005-04-11,,,,,,,
2005-04-18,,,,,,,
2005-04-25,,,,,,,
2005-05-02,,,,,,,
2005-05-09,,,,,,,
2005-05-16,,,,,,,
2005-05-23,,,,,,,
2005-05-30,,,,,,,
2005-06-06,,,,,,,
2005-06-13,,,,,,,
2005-06-20,,,,,,,
2005-06-27,,,,,,,
2005-07-04,,,,,,,
2005-07-11,,,,,,,
2005-07-18,,,,,,,
2005-07-25,,,,,,,
2005-08-01,,,,,,,
2005-08-08,,,,,,,
2005-08-15,,,,,,,
2005-08-22,,,,,,,
2005-08-29,,,,,,,
2005-09-05,,,,,,,
2005-09-12,,,,,,,
2005-09-19,,,,,,,
2005-09-26,,,,,,,
2005-10-03,,,,,,,
2005-10-10,,,,,,,
2005-10-17,,,,,,,
2005-10-24,,,,,,,
2005-10-31,,,,,,,
2005-11-07,,,,,,,
2005-11-14,,,,,,,
2005-11-21,,,,,,,
2005-11-28,,,,,,,
2005-12-05,,,,,,,
2005-12-12,,,,,,,
2005-12-19,,,,,,,
2005-12-26,,,,,,,
2006-01-02,,,,,,,
2006-01-09,,,,,,,
2006-01-16,,,,,,,
2006-01-23,,,,,,,
2006-01-30,,,,,,,
2006-02-06,,,,,,,
2006-02-13,,,,,,,
2006-02-20,,,,,,,
2006-02-27,,,,,,,
2006-03-06,,,,,,,
2006-03-13,,,,,,,
2006-03-20,,,,,,,
2006-03-27,,,,,,,
2006-04-03,,,,,,,
2006-04-10,,,,,,,
2006-04-17,,,,,,,
2006-04-24,,,,,,,
2006-05-01,,,,,,,
2006-05-08,,,,,,,
2006-05-15,,,,,,,
2006-05-22,,,,,,,
2006-05-29,,,,,,,
2006-06-05,,,,,,,
2006-06-12,,,,,,,
2006-06-19,,,,,,,
2006-06-26,,,,,,,
2006-07-03,,,,,,,
2006-07-10,,,,,,,
2006-07-17,,,,,,,
2006-07-24,,,,,,,
2006-07-31,,,,,,,
2006-08-07,,,,,,,
2006-08-14,,,,,,,
2006-08-21,,,,,,,
2006-08-28,,,,,,,
2006-09-04,,,,,,,
2006-09-11,,,,,,,
2006-09-18,,,,,,,
2006-09-25,,,,,,,
2006-10-02,,,,,,,
2006-10-09,,,,,,,
2006-10-16,,,,,,,
2006-10-23,,,,,,,
2006-10-30,,,,,,,
2006-11-06,,,,,,,
2006-11-13,,,,,,,
2006-11-20,,,,,,,
2006-11-27,,,,,,,
2006-12-04,,,,,,,
2006-12-11,,,,,,,
2006-12-18,,,,,,,
2006-12-25,,,,,,,
2007-01-01,,,,,,,
2007-01-08,,,,,,,
2007-01-15,,,,,,,
2007-01-22,,,,,,,
2007-01-29,,,,,,,
2007-02-05,,,,,,,
2007-02-12,,,,,,,
2007-02-19,,,,,,,
2007-02-26,,,,,,,
2007-03-05,3.57,1985.69,10.22,,3.57,,38184.6
2007-03-12,4.43,2466.34,12.7,,4.43,,37848.5
2007-03-19,4.3,2393.51,12.32,,4.3,,17315.2
2007-03-26,4.34,2415.85,12.44,,4.34,,11886.3
2007-04-02,4.14,2306.12,11.88,,4.14,,15383.6
2007-04-09,4.21,2344.96,12.07,,4.21,,9874.1
2007-04-16,4.5,2504.21,12.89,,4.5,,15127.5
2007-04-23,4.25,2364.38,12.17,,4.25,,14281.1
2007-04-30,4.35,2422.64,12.47,,4.35,,13112.7
2007-05-07,4.35,2422.64,12.47,,4.35,,
2007-05-14,4.15,2311.95,11.9,,4.15,,12204.7
2007-05-21,4.87,2710.06,13.95,,4.87,,20733.4
2007-05-28,4.8,2670.25,13.75,,4.8,,14296.7
2007-06-04,3.81,2117.75,10.9,,3.81,,17358.8
2007-06-11,4.11,2286.7,11.77,,4.11,,16352.4
2007-06-18,4.57,2543.05,13.09,,4.57,,18629.0
2007-06-25,4.34,2413.9,12.43,44.2,4.34,,21674.0
2007-07-02,3.98,2213.88,11.4,40.5,3.98,,18467.2
2007-07-09,3.95,2199.31,11.32,40.3,3.95,,8224.6
2007-07-16,3.77,2095.42,10.79,38.3,3.77,,5448.7
2007-07-23,4.15,2310.01,11.89,42.3,4.15,,6424.3
2007-07-30,4.35,2421.67,12.47,44.3,4.35,,9655.2
2007-08-06,4.52,2514.89,12.95,46.0,4.52,,13080.9
2007-08-13,4.23,2354.67,12.13,43.1,4.23,,9023.5
2007-08-20,4.48,2491.58,12.83,45.6,4.48,,6206.8
2007-08-27,4.41,2454.69,12.64,44.9,4.41,,10316.5
2007-09-03,4.26,2371.18,12.21,52.4,4.26,,11933.8
2007-09-10,4.15,2307.1,11.88,51.0,4.15,,10598.7
2007-09-17,4.07,2262.43,11.65,50.0,4.07,,6391.7
2007-09-24,4.07,2263.4,11.65,50.0,4.07,,4371.1
2007-10-01,4.11,2286.7,11.77,50.5,4.11,,4065.4
2007-10-08,4.08,2271.17,11.69,50.2,4.08,,1052.6
2007-10-15,4.05,2252.72,11.6,49.8,4.05,,6534.6
2007-10-22,4.0,2227.47,11.47,49.2,4.0,,2968.1
2007-10-29,3.59,1995.4,10.27,33.2,3.59,,7567.0
2007-11-05,3.67,2041.04,10.51,34.0,3.67,,3429.4
2007-11-12,3.65,2030.36,10.45,33.8,3.65,,2236.3
2007-11-19,3.78,2101.24,10.82,35.0,3.78,,2874.3
2007-11-26,3.72,2070.17,10.66,34.4,3.72,,3105.8
2007-12-03,3.69,2051.72,10.56,34.1,3.69,,2019.7
2007-12-10,3.93,2186.69,11.26,36.4,3.93,,4161.1
2007-12-17,4.05,2252.72,11.6,37.5,4.05,,5490.2
2007-12-24,4.18,2323.6,11.96,38.7,4.18,,4366.6
2007-12-31,4.36,2425.56,12.49,40.4,4.36,,5522.2
2008-01-07,5.03,2605.19,13.41,43.3,5.03,,8656.3
2008-01-14,4.89,2531.4,13.03,42.1,4.89,,7838.3
2008-01-21,5.09,2632.38,13.55,43.8,5.09,,14927.6
2008-01-28,4.31,2231.36,11.49,37.1,4.31,,10414.5
2008-02-04,4.54,2350.79,12.1,39.1,4.54,,4399.2
2008-02-11,4.55,2353.7,12.12,39.2,4.55,,821.7
2008-02-18,4.75,2458.57,12.66,40.9,4.75,,2949.3
2008-02-25,4.51,2332.34,12.01,38.8,4.51,,5187.9
2008-03-03,4.69,2428.47,12.5,40.4,4.69,,5156.1
2008-03-10,4.58,2372.15,12.21,39.5,4.58,,5386.3
2008-03-17,4.02,2077.94,10.7,34.6,4.02,,3268.8
2008-03-24,3.99,2062.4,10.62,34.3,3.99,,3218.3
2008-03-31,4.31,2229.42,11.48,37.1,4.31,,6622.0
2008-04-07,4.1,2121.63,10.92,37.6,4.1,,3245.1
2008-04-14,3.76,1946.85,10.02,34.5,3.76,,3630.1
2008-04-21,3.51,1815.77,9.35,32.1,3.51,,2455.0
2008-04-28,3.7,1912.87,9.85,33.9,3.7,,5937.1
2008-05-05,4.01,2076.97,10.69,36.8,4.01,,5389.7
2008-05-12,4.1,2121.63,10.92,39.3,4.1,,7417.4
2008-05-19,4.04,2089.59,10.76,38.7,4.04,,7024.9
2008-05-26,3.63,1876.94,9.66,34.7,3.63,,4528.1
2008-06-02,3.71,1922.58,9.9,35.6,3.71,,3547.0
2008-06-09,3.45,1784.7,9.19,33.0,3.45,,3983.1
2008-06-16,2.59,1338.04,6.89,24.8,2.59,,5123.2
2008-06-23,2.25,1163.26,5.99,21.5,2.25,,4827.8
2008-06-30,2.27,1174.91,6.05,21.8,2.27,,3673.3
2008-07-07,2.46,1273.95,6.56,23.6,2.46,,3509.8
2008-07-14,2.59,1338.04,6.89,24.8,2.59,60813.3,8856.6
2008-07-21,2.51,1299.2,6.69,24.1,2.51,29977.9,4632.8
2008-07-28,2.87,1485.63,7.65,27.5,2.87,93586.9,12868.0
2008-08-04,2.48,1281.72,6.6,23.7,2.48,49033.8,6968.6
2008-08-11,1.97,1017.61,5.24,18.8,1.97,22063.8,3626.4
2008-08-18,1.72,891.38,4.59,16.2,1.72,15248.7,3049.9
2008-08-25,1.81,937.99,4.83,17.1,1.81,13592.8,2799.3
2008-09-01,1.67,864.19,4.45,15.8,1.67,8549.0,1894.2
2008-09-08,1.58,817.58,4.21,14.9,1.58,9116.1,2030.8
2008-09-15,1.55,800.1,4.12,14.6,1.55,4156.5,983.5
2008-09-22,1.59,821.47,4.23,15.0,1.59,20954.8,5075.1
2008-09-29,1.5,774.86,3.99,14.1,1.5,10729.4,2696.3
2008-10-06,1.42,734.08,3.78,13.4,1.42,1481.1,387.9
2008-10-13,1.26,654.45,3.37,11.9,1.26,6725.8,1948.8
2008-10-20,1.2,623.38,3.21,11.4,1.2,6170.2,1913.5
2008-10-27,1.09,563.18,2.9,16.8,1.09,6140.2,1930.1
2008-11-03,1.09,563.18,2.9,16.8,1.09,6440.2,2160.6
2008-11-10,1.19,617.56,3.18,18.5,1.19,13595.4,4497.2
2008-11-17,1.4,724.37,3.73,21.7,1.4,53971.5,15929.7
2008-11-24,1.28,660.28,3.4,19.7,1.28,50914.0,14095.9
2008-12-01,1.37,708.83,3.65,21.2,1.37,27527.6,7908.4
2008-12-08,1.9,982.65,5.06,29.4,1.9,304394.8,66717.9
2008-12-15,2.16,1116.65,5.75,33.4,2.16,379562.1,74186.0
2008-12-22,1.95,1009.84,5.2,30.2,1.95,252348.9,47937.5
2008-12-29,1.61,831.18,4.28,24.8,1.61,188813.7,42286.8
2009-01-05,1.43,846.71,4.36,25.3,1.43,84764.6,19965.5
2009-01-12,1.58,939.93,4.84,28.1,1.58,202470.6,45022.4
2009-01-19,1.5,893.32,4.6,26.7,1.5,151400.1,32772.8
2009-01-26,1.49,885.55,4.56,26.5,1.49,74006.3,16272.9
2009-02-02,1.57,934.1,4.81,27.9,1.57,30337.5,6416.3
2009-02-09,1.84,1091.4,5.62,32.6,1.84,303592.3,57549.1
2009-02-16,2.16,1281.72,6.6,38.3,2.16,472499.9,75395.4
2009-02-23,2.04,1211.81,6.24,36.2,2.04,235125.1,39085.8
2009-03-02,1.6,947.7,4.88,28.3,1.6,156065.6,28447.5
2009-03-09,1.63,967.12,4.98,28.9,1.63,156034.4,29558.5
2009-03-16,1.75,1040.91,5.36,31.1,1.75,172154.8,32147.5
2009-03-23,1.86,1106.94,5.7,33.1,1.86,184844.8,32808.7
2009-03-30,1.9,1126.36,5.8,176.4,1.9,199079.6,34903.5
2009-04-06,2.07,1231.23,6.34,192.8,2.07,309958.7,50089.9
2009-04-13,2.17,1291.43,6.65,202.3,2.17,489053.3,76141.8
2009-04-20,2.14,1268.13,6.53,198.6,2.14,390966.8,59023.4
2009-04-27,2.28,1355.52,6.98,212.3,2.28,473542.3,70554.8
2009-05-04,2.45,1456.5,7.5,228.1,2.45,443065.0,61899.6
2009-05-11,2.35,1394.36,7.18,1514.8,2.35,506022.3,65803.9
2009-05-18,2.38,1413.78,7.28,1535.9,2.38,211194.0,29297.4
2009-05-25,2.24,1330.27,6.85,1445.1,2.24,208266.7,29909.2
2009-06-01,2.26,1343.86,6.92,1459.9,2.26,75510.9,10956.8
2009-06-08,2.22,1318.62,6.79,1432.5,2.22,133702.5,19642.8
2009-06-15,2.22,1316.68,6.78,1430.4,2.22,148602.1,21739.8
2009-06-22,2.15,1275.89,6.57,1386.1,2.15,188745.1,28954.6
2009-06-29,2.16,1281.72,6.6,1392.4,2.16,104795.1,15980.9
2009-07-06,2.08,1237.05,6.37,1343.9,2.08,113456.3,17728.7
2009-07-13,2.2,1308.91,6.74,1421.9,2.2,171566.2,25924.6
2009-07-20,2.27,1349.69,6.95,1466.2,2.27,213553.2,31148.1
2009-07-27,2.34,1388.53,7.15,1508.4,2.34,238742.6,34421.3
2009-08-03,2.37,1406.01,7.24,1527.4,2.37,272932.8,38797.9
2009-08-10,2.33,1386.59,7.14,1506.3,2.33,317217.1,43429.8
2009-08-17,1.86,1103.06,5.68,1198.3,1.86,151905.4,23003.9
2009-08-24,2.01,1194.33,6.15,,2.01,116128.6,19799.3
2009-08-31,1.86,1103.06,5.68,,1.86,153782.0,25046.9
2009-09-07,2.04,1213.75,6.25,,2.04,116741.8,19335.5
2009-09-14,2.17,1287.55,6.63,,2.17,220855.1,34107.8
2009-09-21,2.26,1343.86,6.92,,2.26,319572.4,46517.9
2009-09-28,1.99,1184.62,6.1,,1.99,95665.8,14635.4
2009-10-05,1.96,1163.26,5.99,,1.96,23118.9,3850.7
2009-10-12,2.07,1227.34,6.32,,2.07,25892.4,4139.7
2009-10-19,2.21,1312.79,6.76,,2.21,112539.2,17168.2
2009-10-26,2.39,1417.66,7.3,,2.39,351186.2,49714.6
2009-11-02,2.42,1437.08,7.4,113.0,2.42,315547.3,43792.1
2009-11-09,2.52,1497.28,7.71,117.7,2.52,345477.6,45433.8
2009-11-16,2.59,1536.12,7.91,120.8,2.59,238554.6,30675.8
2009-11-23,2.86,1701.19,8.76,133.8,2.86,280625.3,34106.7
2009-11-30,2.59,1538.06,7.92,121.0,2.59,319774.7,39465.3
2009-12-07,2.78,1650.7,8.5,129.8,2.78,301968.0,36271.8
2009-12-14,2.82,1674.0,8.62,131.6,2.82,248550.3,29379.0
2009-12-21,2.69,1600.21,8.24,125.8,2.69,308280.6,35826.7
2009-12-28,2.97,1765.28,9.09,138.8,2.97,330898.5,37915.8
2010-01-04,2.93,1922.58,9.9,151.2,2.93,437765.3,45918.0
2010-01-11,3.55,2330.4,12.0,183.3,3.55,861062.4,78976.0
2010-01-18,3.48,2287.68,11.78,179.9,3.48,708173.0,59712.4
2010-01-25,3.18,2087.65,10.75,164.2,3.18,476395.4,41702.2
2010-02-01,3.02,1984.72,10.22,156.1,3.02,204319.6,19595.4
2010-02-08,2.94,1930.35,9.94,151.8,2.94,211321.2,20836.7
2010-02-15,3.02,1984.72,10.22,156.1,3.02,108164.6,10771.0
2010-02-22,2.98,1959.48,10.09,154.1,2.98,33137.7,3273.2
2010-03-01,3.29,2159.5,11.12,169.8,3.29,453113.5,42060.1
2010-03-08,3.24,2132.32,10.98,167.7,3.24,473971.2,41795.3
2010-03-15,2.99,1965.3,10.12,154.6,2.99,205351.7,19146.4
2010-03-22,4.03,2650.83,13.65,208.5,4.03,1055583.0,82173.4
2010-03-29,4.14,2718.8,14.0,213.8,4.14,1763633.0,123694.8
2010-04-05,4.37,2870.27,14.78,60.8,4.37,1840690.0,126156.4
2010-04-12,4.55,2990.68,15.4,63.3,4.55,1562293.0,106275.0
2010-04-19,3.99,2621.7,13.5,55.5,3.99,741164.6,51784.7
2010-04-26,4.01,2637.24,13.58,55.9,4.01,521992.6,37195.4
2010-05-03,3.51,2305.15,11.87,48.8,3.51,310330.3,24391.4
2010-05-10,3.41,2243.01,11.55,37.3,3.41,346924.5,28353.4
2010-05-17,3.31,2175.04,11.2,36.2,3.31,396329.4,33971.0
2010-05-24,3.56,2338.17,12.04,38.9,3.56,446396.6,38891.2
2010-05-31,3.4,2235.24,11.51,37.2,3.4,480371.9,39647.0
2010-06-07,3.63,2388.66,12.3,39.7,3.63,521616.0,44671.9
2010-06-14,3.63,2388.66,12.3,39.7,3.63,652216.5,51860.7
2010-06-21,3.62,2378.95,12.25,39.6,3.62,220473.4,18276.8
2010-06-28,3.41,2243.01,11.55,37.3,3.41,308480.6,25388.7
2010-07-05,2.88,1891.51,9.74,31.5,2.88,200000.4,19355.7
2010-07-12,3.13,2056.58,10.59,34.2,3.13,253664.8,24762.8
2010-07-19,3.09,2031.33,10.46,33.8,3.09,225546.3,21719.0
2010-07-26,3.25,2136.2,11.0,35.5,3.25,333259.5,30636.7
2010-08-02,3.46,2276.02,11.72,37.9,3.46,426647.8,37279.5
2010-08-09,3.55,2332.34,12.01,38.8,3.55,371497.0,32002.8
2010-08-16,3.54,2324.57,11.97,38.7,3.54,320735.9,27370.1
2010-08-23,3.46,2274.08,11.71,36.6,3.46,485630.8,40390.8
2010-08-30,3.57,2345.94,12.08,37.7,3.57,305844.3,25845.9
2010-09-06,3.55,2334.28,12.02,37.5,3.55,555752.9,45153.0
2010-09-13,3.63,2382.83,12.27,38.3,3.63,393306.8,32431.6
2010-09-20,3.23,2124.55,10.94,34.2,3.23,465684.9,38667.3
2010-09-27,3.32,2180.87,11.23,35.1,3.32,55100.4,4973.8
2010-10-04,3.27,2149.79,11.07,34.6,3.27,94235.9,8528.0
2010-10-11,3.34,2196.4,11.31,35.3,3.34,86607.1,7651.4
2010-10-18,3.26,2140.08,11.02,34.4,3.26,225888.4,20073.2
2010-10-25,3.53,2316.81,11.93,37.3,3.53,318044.2,27563.6
2010-11-01,3.84,2520.72,12.98,38.8,3.84,920560.1,73772.3
2010-11-08,3.81,2505.18,12.9,38.6,3.81,640181.9,50850.9
2010-11-15,3.5,2299.33,11.84,35.4,3.5,610795.1,48716.8
2010-11-22,4.14,2720.74,14.01,41.9,4.14,836562.6,63540.2
2010-11-29,3.98,2617.82,13.48,40.3,3.98,1569842.0,114398.6
2010-12-06,3.67,2411.96,12.42,37.2,3.67,531114.6,42293.8
2010-12-13,3.91,2567.32,13.22,39.6,3.91,469706.4,36516.6
2010-12-20,3.74,2456.63,12.65,37.9,3.74,523770.4,39768.6
2010-12-27,3.52,2312.92,11.91,35.6,3.52,262302.8,20923.5
2011-01-03,3.87,2398.37,12.35,37.0,3.87,133341.3,11002.7
2011-01-10,4.11,2544.02,13.1,39.2,4.11,546769.9,41652.3
2011-01-17,3.71,2299.33,11.84,35.4,3.71,301218.8,23760.6
2011-01-24,3.44,2130.37,10.97,32.8,3.44,153023.5,13100.5
2011-01-31,3.59,2219.71,11.43,34.2,3.59,106392.8,9470.0
2011-02-07,3.57,2210.0,11.38,34.1,3.57,21741.2,1903.8
2011-02-14,3.74,2312.92,11.91,35.6,3.74,130306.7,11175.5
2011-02-21,3.79,2345.94,12.08,36.1,3.79,302687.8,25358.0
2011-02-28,4.0,2476.05,12.75,38.2,4.0,407076.1,33016.5
2011-03-07,4.17,2582.86,13.3,39.8,4.17,649083.3,50130.9
2011-03-14,4.21,2604.22,13.41,40.1,4.21,521908.6,38642.0
2011-03-21,4.15,2567.32,13.22,39.6,4.15,533371.4,38941.5
2011-03-28,4.02,2489.64,12.82,36.1,4.02,272609.3,21117.0
2011-04-04,3.76,2330.4,12.0,33.8,3.76,237448.3,19809.6
2011-04-11,3.72,2303.21,11.86,33.4,3.72,135724.7,11343.2
2011-04-18,3.7,2287.68,11.78,33.2,3.7,201695.1,17360.3
2011-04-25,3.64,2254.66,11.61,32.7,3.64,143940.3,12168.6
2011-05-02,3.85,2382.83,12.27,34.6,3.85,213443.2,17699.0
2011-05-09,3.95,2444.98,12.59,40.6,3.95,331363.8,26493.7
2011-05-16,4.08,2524.6,13.0,41.9,4.08,307888.1,23902.3
2011-05-23,3.49,2159.5,11.12,35.9,3.49,212642.8,17674.7
2011-05-30,3.09,1912.87,9.85,31.8,3.09,154340.8,14644.6
2011-06-06,3.19,1973.07,10.16,32.8,3.19,72333.8,7208.8
2011-06-13,3.18,1969.19,10.14,32.7,3.18,79070.1,7801.5
2011-06-20,2.91,1802.18,9.28,29.9,2.91,87597.8,8988.3
2011-06-27,3.14,1942.0,10.0,32.3,3.14,103601.4,10684.5
2011-07-04,3.23,1998.32,10.29,33.2,3.23,136034.3,13375.6
2011-07-11,3.18,1967.25,10.13,32.7,3.18,121579.1,11901.9
2011-07-18,3.26,2015.8,10.38,33.5,3.26,151360.8,14947.2
2011-07-25,2.98,1846.84,9.51,30.7,2.98,95012.8,9457.9
2011-08-01,2.97,1837.13,9.46,30.5,2.97,62480.9,6615.6
2011-08-08,2.71,1677.89,8.64,27.9,2.71,68775.1,7579.7
2011-08-15,2.87,1774.99,9.14,29.5,2.87,73918.9,8428.4
2011-08-22,2.76,1707.02,8.79,27.3,2.76,47812.9,5331.1
2011-08-29,2.9,1796.35,9.25,28.7,2.9,83981.1,9168.1
2011-09-05,2.71,1675.95,8.63,26.8,2.71,51395.3,5661.8
2011-09-12,2.74,1695.37,8.73,27.1,2.74,24299.0,2796.4
2011-09-19,2.67,1650.7,8.5,26.4,2.67,32828.5,3760.6
2011-09-26,2.63,1629.34,8.39,26.0,2.63,33835.3,3942.9
2011-10-03,2.55,1576.9,8.12,25.2,2.55,201669.1,22600.8
2011-10-10,2.44,1510.88,7.78,24.1,2.44,25977.0,3306.6
2011-10-17,2.53,1565.25,8.06,25.0,2.53,98343.9,12324.4
2011-10-24,2.34,1450.67,7.47,23.2,2.34,53805.6,7009.9
2011-10-31,2.47,1530.3,7.88,29.7,2.47,89606.2,11563.4
2011-11-07,2.63,1625.45,8.37,31.5,2.63,212204.1,25612.9
2011-11-14,2.87,1774.99,9.14,34.4,2.87,397836.1,45050.0
2011-11-21,2.65,1640.99,8.45,31.8,2.65,192624.8,21914.0
2011-11-28,2.6,1607.98,8.28,31.2,2.6,100045.1,12385.7
2011-12-05,2.36,1462.33,7.53,28.4,2.36,95600.8,12053.8
2011-12-12,2.31,1431.25,7.37,27.8,2.31,43638.1,5719.1
2011-12-19,2.28,1409.89,7.26,27.4,2.28,74056.8,10504.8
2011-12-26,2.37,1470.09,7.57,28.5,2.37,425426.0,55095.8
2012-01-02,2.43,1491.46,7.68,28.9,2.43,238911.0,31181.6
2012-01-09,2.45,1505.05,7.75,29.2,2.45,161147.3,21636.4
2012-01-16,2.4,1477.86,7.61,28.7,2.4,311069.5,38632.5
2012-01-23,2.38,1460.38,7.52,28.3,2.38,139066.6,17919.8
2012-01-30,2.39,1466.21,7.55,28.4,2.39,17105.1,2257.9
2012-02-06,2.46,1514.76,7.8,29.4,2.46,137376.6,18304.1
2012-02-13,2.61,1604.09,8.26,31.1,2.61,237277.1,29632.9
2012-02-20,2.68,1646.82,8.48,32.0,2.68,268709.8,32231.3
2012-02-27,2.66,1633.22,8.41,31.7,2.66,250009.7,29380.9
2012-03-05,2.74,1681.77,8.66,149.8,2.74,241536.0,28446.3
2012-03-12,2.75,1691.48,8.71,150.7,2.75,218052.6,25199.4
2012-03-19,2.64,1619.63,8.34,144.3,2.64,177382.9,21035.7
2012-03-26,2.5,1534.18,7.9,136.7,2.5,86347.1,10548.5
2012-04-02,2.33,1433.2,7.38,127.7,2.33,70268.1,9263.3
2012-04-09,2.36,1452.62,7.48,129.4,2.36,34615.1,4584.3
2012-04-16,2.53,1555.54,8.01,138.6,2.53,74573.4,9494.0
2012-04-23,2.44,1501.17,7.73,133.7,2.44,82351.3,10287.7
2012-04-30,2.42,1489.51,7.67,132.7,2.42,36434.1,4721.9
2012-05-07,2.54,1561.37,8.04,178.3,2.54,46897.9,5908.1
2012-05-14,2.53,1557.48,8.02,177.8,2.53,59439.6,7499.6
2012-05-21,2.5,1536.12,7.91,175.4,2.5,139548.9,17244.7
2012-05-28,2.57,1576.9,8.12,180.0,2.57,77196.9,9631.1
2012-06-04,2.42,1489.51,7.67,170.1,2.42,109545.3,13488.6
2012-06-11,2.43,1495.34,7.7,170.7,2.43,43413.5,5621.8
2012-06-18,2.54,1559.43,8.03,178.0,2.54,41460.4,5284.5
2012-06-25,2.35,1446.79,7.45,165.2,2.35,32497.4,4155.5
2012-07-02,2.36,1452.62,7.48,165.9,2.36,19645.1,2662.7
2012-07-09,2.38,1460.38,7.52,166.7,2.38,40083.0,5290.1
2012-07-16,2.26,1388.53,7.15,158.5,2.26,16265.9,2193.4
2012-07-23,2.32,1425.43,7.34,162.7,2.32,28642.6,3904.5
2012-07-30,2.2,1351.63,6.96,154.3,2.2,34634.4,4833.4
2012-08-06,2.19,1343.86,6.92,153.4,2.19,12912.4,1901.2
2012-08-13,2.14,1312.79,6.76,149.9,2.14,23943.5,3466.5
2012-08-20,2.12,1305.02,6.72,149.0,2.12,18201.2,2706.1
2012-08-27,1.99,1223.46,6.3,,1.99,65556.4,9697.6
2012-09-03,1.97,1213.75,6.25,,1.97,28605.3,4557.4
2012-09-10,2.17,1332.21,6.86,,2.17,220715.8,32733.6
2012-09-17,2.07,1272.01,6.55,,2.07,102219.4,15005.4
2012-09-24,1.96,1205.98,6.21,,1.96,38935.7,6058.2
2012-10-01,1.98,1217.63,6.27,,1.98,23754.7,3846.0
2012-10-08,1.97,1207.92,6.22,,1.97,5643.6,906.8
2012-10-15,1.95,1198.21,6.17,,1.95,33347.3,5263.3
2012-10-22,2.03,1246.76,6.42,,2.03,38566.0,6051.4
2012-10-29,1.97,1209.87,6.23,,1.97,27062.0,4253.7
2012-11-05,1.96,1202.1,6.19,,1.96,27178.7,4351.4
2012-11-12,1.93,1186.56,6.11,,1.93,21845.5,3570.3
2012-11-19,1.86,1143.84,5.89,,1.86,13455.2,2258.4
2012-11-26,1.85,1136.07,5.85,,1.85,9092.5,1538.4
2012-12-03,1.61,992.36,5.11,,1.61,15011.1,2830.1
2012-12-10,1.74,1070.04,5.51,,1.74,21116.1,3950.6
2012-12-17,1.76,1083.64,5.58,,1.76,30678.7,5579.9
2012-12-24,1.76,1081.69,5.57,,1.76,51065.4,9162.8
2012-12-31,1.82,1120.53,5.77,,1.82,68690.4,12027.5
2013-01-07,1.62,1153.55,5.94,,1.72,46398.6,7863.7
2013-01-14,1.68,1198.21,6.17,,1.78,90400.1,14983.0
2013-01-21,1.74,1240.94,6.39,,1.85,128745.9,20353.8
2013-01-28,1.66,1184.62,6.1,,1.76,56900.2,9275.2
2013-02-04,1.7,1211.81,6.24,,1.8,75172.7,12123.2
2013-02-11,1.72,1225.4,6.31,,1.83,50800.0,8114.4
2013-02-18,1.74,1239.0,6.38,,1.85,16531.1,2613.6
2013-02-25,1.71,1221.52,6.29,,1.82,55382.7,8808.4
2013-03-04,1.68,1200.16,6.18,,1.79,104784.1,16648.8
2013-03-11,1.82,1294.94,6.28,,1.82,94856.6,14869.6
2013-03-18,1.71,1216.58,5.9,,1.71,49821.0,8208.6
2013-03-25,1.76,1255.76,6.09,,1.76,38365.6,6378.1
2013-04-01,1.82,1297.0,6.29,157.3,1.82,118080.4,18827.2
2013-04-08,1.75,1245.45,6.04,151.0,1.75,30790.5,5066.4
2013-04-15,1.84,1313.49,6.37,159.3,1.84,114905.0,18004.6
2013-04-22,1.97,1402.16,6.8,170.0,1.97,195167.8,29268.0
2013-04-29,1.86,1323.8,6.42,160.5,1.86,103993.7,15626.3
2013-05-06,1.97,1406.28,6.82,170.5,1.97,64760.6,9624.7
2013-05-13,2.0,1428.97,6.93,173.3,2.0,115605.0,16798.4
2013-05-20,2.08,1480.52,7.18,179.5,2.08,157151.9,22499.1
2013-05-27,2.14,1525.88,7.4,185.0,2.14,150366.9,20584.7
2013-06-03,2.12,1509.38,7.32,183.0,2.12,104159.0,14422.0
2013-06-10,1.98,1412.47,6.85,171.3,1.98,132213.8,18079.7
2013-06-17,2.09,1486.7,7.21,180.3,2.09,57338.1,8219.6
2013-06-24,1.82,1297.0,6.29,157.3,1.82,76497.1,11082.3
2013-07-01,1.92,1371.23,6.65,166.3,1.92,72864.9,11399.9
2013-07-08,1.86,1327.93,6.44,161.0,1.86,43177.9,6602.5
2013-07-15,2.01,1431.03,6.94,173.5,2.01,44808.1,6645.5
2013-07-22,2.07,1476.39,7.16,179.0,2.07,93244.3,13215.8
2013-07-29,1.95,1387.73,6.73,168.3,1.95,63710.5,9042.4
2013-08-05,2.15,1534.13,7.44,186.0,2.15,141193.9,19517.7
2013-08-12,2.13,1521.76,7.38,184.5,2.13,88254.8,12152.7
2013-08-19,2.11,1501.14,7.28,182.0,2.11,66116.4,9102.8
2013-08-26,2.18,1554.75,7.54,290.0,2.18,184466.4,24679.4
2013-09-02,2.13,1517.63,7.36,283.1,2.13,169915.1,22482.9
2013-09-09,2.1,1497.01,7.26,279.2,2.1,105014.2,14477.0
2013-09-16,2.07,1474.33,7.15,275.0,2.07,100631.6,14171.2
2013-09-23,2.11,1507.32,7.31,281.2,2.11,52163.7,7292.3
2013-09-30,2.09,1486.7,7.21,277.3,2.09,81970.9,11430.9
2013-10-07,2.09,1486.7,7.21,277.3,2.09,,
2013-10-14,2.12,1511.45,7.33,281.9,2.12,82962.7,11367.2
2013-10-21,2.08,1482.58,7.19,276.5,2.08,63682.5,8897.4
2013-10-28,2.22,1579.49,7.66,217.6,2.22,173712.6,23234.2
2013-11-04,2.03,1445.46,7.01,199.1,2.03,82156.4,11537.4
2013-11-11,2.0,1422.78,6.9,196.0,2.0,29387.7,4256.9
2013-11-18,2.02,1441.34,6.99,198.6,2.02,28393.1,4122.2
2013-11-25,2.02,1443.4,7.0,198.9,2.02,39816.7,5691.0
2013-12-02,1.96,1393.91,6.76,192.0,1.96,86539.4,12092.8
2013-12-09,2.11,1505.26,7.3,207.4,2.11,68116.2,9536.7
2013-12-16,2.07,1474.33,7.15,203.1,2.07,54709.4,7582.5
2013-12-23,1.98,1414.53,6.86,194.9,1.98,33009.8,4713.7
2013-12-30,2.09,1490.83,7.23,205.4,2.09,47884.3,6736.8
2014-01-06,2.09,1480.52,7.18,204.0,2.09,80169.8,10994.2
2014-01-13,2.14,1521.76,7.38,209.7,2.14,160544.8,22089.2
2014-01-20,2.23,1581.55,7.67,217.9,2.23,225007.4,29847.2
2014-01-27,2.23,1583.62,7.68,218.2,2.23,248367.6,31842.0
2014-02-03,2.28,1616.61,7.84,222.7,2.28,131227.7,16713.6
2014-02-10,2.38,1690.84,8.2,233.0,2.38,97073.9,12057.8
2014-02-17,2.43,1723.83,8.36,237.5,2.43,246015.6,29984.1
2014-02-24,2.49,1771.26,8.59,244.0,2.49,201083.8,24503.1
2014-03-03,2.49,1771.26,8.59,244.0,2.49,,
2014-03-10,2.49,1771.26,8.59,244.0,2.49,,
2014-03-17,2.49,1771.26,8.59,101.5,2.49,,
2014-03-24,2.25,1598.05,7.75,91.6,2.25,167038.0,20952.8
2014-03-31,2.09,1486.7,7.21,85.2,2.09,101139.5,13451.5
2014-04-07,2.15,1525.88,7.4,87.5,2.15,42620.1,5789.1
2014-04-14,2.18,1550.62,7.52,88.9,2.18,78359.1,10484.6
2014-04-21,2.16,1532.07,7.43,87.8,2.16,80902.0,10636.4
2014-04-28,1.97,1400.1,6.79,98.8,1.97,61289.9,8526.3
2014-05-05,2.01,1428.97,6.93,100.9,2.01,25253.5,3702.2
2014-05-12,2.13,1509.38,7.32,106.6,2.13,68511.9,9689.1
2014-05-19,2.01,1426.9,6.92,100.7,2.01,50146.6,7120.2
2014-05-26,2.09,1482.58,7.19,104.7,2.09,42076.5,5984.8
2014-06-02,2.06,1459.9,7.08,103.1,2.06,43310.1,6074.2
2014-06-09,2.06,1461.96,7.09,103.2,2.06,45518.9,6391.7
2014-06-16,2.1,1490.83,7.23,105.2,2.1,54784.2,7639.6
2014-06-23,2.07,1472.27,7.14,103.9,2.07,134321.3,18512.2
2014-06-30,2.17,1542.38,7.48,108.9,2.17,137781.2,18811.7
2014-07-07,2.17,1542.38,7.48,108.9,2.17,96913.8,12962.0
2014-07-14,2.24,1591.86,7.72,112.4,2.24,106734.1,14110.2
2014-07-21,2.26,1606.3,7.79,113.4,2.26,151802.2,19665.8
2014-07-28,2.23,1583.62,7.68,111.8,2.23,121875.6,15943.7
2014-08-04,2.37,1684.65,8.17,118.9,2.37,246913.8,30982.6
2014-08-11,2.5,1777.44,8.62,125.5,2.5,209046.4,25172.0
2014-08-18,2.87,2037.26,9.88,143.8,2.87,332140.8,35375.8
2014-08-25,3.08,2185.72,10.6,207.8,3.08,518914.5,49302.2
2014-09-01,3.3,2346.56,11.38,223.1,3.3,400067.3,36586.5
2014-09-08,3.29,2334.18,11.32,222.0,3.29,218106.6,19110.1
2014-09-15,3.35,2381.61,11.55,226.5,3.35,188551.8,16600.9
2014-09-22,3.31,2348.62,11.39,223.3,3.31,161902.4,14275.4
2014-09-29,3.22,2286.76,11.09,217.5,3.22,145006.7,12963.3
2014-10-06,3.29,2334.18,11.32,222.0,3.29,27230.2,2414.3
2014-10-13,3.94,2794.01,13.55,265.7,3.94,624495.4,48703.2
2014-10-20,3.84,2725.96,13.22,259.2,3.84,289517.0,21947.0
2014-10-27,3.5,2486.77,12.06,494.3,3.5,150105.1,12167.2
2014-11-03,3.78,2680.6,13.0,532.8,3.78,328476.9,24893.1
2014-11-10,3.74,2657.92,12.89,528.3,3.74,186766.3,14623.0
2014-11-17,3.54,2515.64,12.2,500.0,3.54,136451.1,10839.8
2014-11-24,3.81,2703.28,13.11,537.3,3.81,248540.4,19232.2
2014-12-01,3.77,2676.48,12.98,532.0,3.77,200098.9,15229.6
2014-12-08,3.81,2703.28,13.11,537.3,3.81,285977.2,21470.1
2014-12-15,4.28,3039.39,14.74,604.1,4.28,307742.9,22791.5
2014-12-22,3.48,2468.21,11.97,490.6,3.48,465878.7,33651.4
2014-12-29,3.35,2381.61,11.55,473.4,3.35,291895.9,25466.9
2015-01-05,3.77,2674.41,12.97,531.6,3.77,140156.8,11591.8
2015-01-12,3.77,2674.41,12.97,531.6,3.77,,
2015-01-19,3.77,2674.41,12.97,531.6,3.77,,
2015-01-26,3.77,2674.41,12.97,531.6,3.77,,
2015-02-02,3.77,2674.41,12.97,531.6,3.77,,
2015-02-09,3.77,2674.41,12.97,531.6,3.77,,
2015-02-16,3.77,2674.41,12.97,531.6,3.77,,
2015-02-23,3.77,2674.41,12.97,531.6,3.77,,
2015-03-02,3.77,2674.41,12.97,531.6,3.77,,
2015-03-09,3.77,2674.41,12.97,531.6,3.77,,
2015-03-16,3.77,2674.41,12.97,531.6,3.77,,
2015-03-23,3.77,2674.41,12.97,531.6,3.77,,
2015-03-30,3.77,2674.41,12.97,1158.0,3.77,,
2015-04-06,3.77,2674.41,12.97,1158.0,3.77,,
2015-04-13,3.77,2674.41,12.97,1158.0,3.77,,
2015-04-20,3.77,2674.41,12.97,1158.0,3.77,,
2015-04-27,3.77,2674.41,12.97,772.0,3.77,,
2015-05-04,3.77,2674.41,12.97,772.0,3.77,,
2015-05-11,4.14,2942.47,14.27,849.4,4.14,454.3,31.8
2015-05-18,6.68,4740.54,22.99,1368.5,6.68,4627.6,225.9
2015-05-25,10.75,7635.58,37.03,2204.2,10.75,939429.5,26463.4
2015-06-01,12.28,8722.26,42.3,2517.9,12.28,5270448.0,127596.8
2015-06-08,10.83,7691.26,37.3,2220.2,10.83,2992848.0,72845.4
2015-06-15,10.93,7763.43,37.65,2241.1,10.93,1737797.0,44086.7
2015-06-22,9.06,6433.44,31.2,1857.1,9.06,867796.4,25204.9
2015-06-29,6.82,4843.64,23.49,1398.2,6.82,789594.4,28090.7
2015-07-06,4.72,3350.75,16.25,967.3,4.72,946948.0,45638.5
2015-07-13,5.95,4225.04,20.49,1219.6,5.95,643302.4,41828.1
2015-07-20,7.35,5218.92,25.31,1506.5,7.35,1307909.0,57587.0
2015-07-27,6.38,4532.27,21.98,1308.3,6.38,1202391.0,48986.1
2015-08-03,5.75,4082.76,19.8,1178.6,5.75,896686.9,44352.5
2015-08-10,7.49,5315.83,25.78,1534.5,7.49,1340007.0,54267.8
2015-08-17,8.0,5682.87,27.56,,8.0,2259037.0,81379.1
2015-08-24,5.83,4138.43,20.07,,5.83,1081859.0,42961.3
2015-08-31,5.16,3662.11,17.76,,5.16,655581.0,36231.4
2015-09-07,4.73,3356.94,16.28,,4.73,322695.4,20213.9
2015-09-14,4.76,3379.62,16.39,,4.76,643101.7,36212.3
2015-09-21,5.4,3833.26,18.59,,5.4,537680.4,32499.7
2015-09-28,5.2,3690.98,17.9,,5.2,515361.1,28585.2
2015-10-05,5.01,3556.95,17.25,,5.01,107784.3,6233.7
2015-10-12,5.97,4235.34,20.54,,5.97,393270.4,20629.8
2015-10-19,6.07,4309.58,20.9,,6.07,825209.1,39876.0
2015-10-26,6.87,4874.57,23.64,,6.87,973477.4,45439.4
2015-11-02,6.21,4408.55,21.38,,6.21,822571.5,35059.4
2015-11-09,6.23,4422.99,21.45,,6.23,2151029.0,106228.5
2015-11-16,6.78,4816.83,23.36,,6.78,604677.1,26674.5
2015-11-23,6.23,4425.05,21.46,,6.23,2282628.0,105385.6
2015-11-30,5.85,4156.99,20.16,,5.85,1693548.0,78402.1
2015-12-07,5.91,4194.11,20.34,,5.91,844678.9,43152.6
2015-12-14,5.79,4113.68,19.95,,5.79,471760.3,24235.3
2015-12-21,6.34,4499.28,21.82,,6.34,1012677.0,47821.1
2015-12-28,6.07,4309.58,20.9,,6.07,1102994.0,50705.0
2016-01-04,6.01,4270.4,20.71,,6.01,842816.8,38366.8
2016-01-11,6.3,4474.54,21.7,,6.3,1722300.0,78178.1
2016-01-18,5.83,4140.49,20.08,,5.83,1377768.0,69266.3
2016-01-25,6.98,4957.04,24.04,,6.98,1479104.0,69272.4
2016-02-01,5.63,3996.15,19.38,,5.63,2067880.0,92425.0
2016-02-08,5.83,4140.49,20.08,,5.83,717407.4,34930.2
2016-02-15,5.87,4165.23,20.2,,5.87,110574.6,5554.9
2016-02-22,7.84,5565.34,26.99,,7.84,1897128.0,80312.9
2016-02-29,6.81,4837.45,23.46,,6.81,2726405.0,105120.8
2016-03-07,7.03,4990.04,24.2,,7.03,2095969.0,83823.1
2016-03-14,6.68,4744.66,23.01,,6.68,1121084.0,49557.5
2016-03-21,7.09,5035.4,24.42,,7.09,1259288.0,54413.4
2016-03-28,6.74,4785.9,23.21,,6.74,1230104.0,51028.3
2016-04-04,6.84,4856.01,23.55,,6.84,718073.9,30347.7
