,returns,returns_cumprod,PI,index_returns,index_returns_cumprod,returns_std,returns_annualized,index_returns_std,index_returns_annualized,sharpe,index_sharpe
2000-01-03,0.979118700032785,0.979118700032785,1451.9,1.0156982356973963,1.0156982356973963,,,,,,
2000-01-31,0.967204255954752,0.9470077737565938,1631.524,1.038763816024041,1.0550705752419132,,,,,,
2000-02-28,1.0582063126854013,1.0021296043513759,1814.783,1.0169950954240394,1.0730016003472456,,,,,,
2000-03-27,1.078670415949457,1.0809675571609634,1889.5339999999999,1.0444977324939912,1.1207477385251219,,,,,,
2000-04-24,0.9843121212340794,1.064009469174329,1954.889,1.0233392172135953,1.1469051134362054,,,,,,
2000-05-22,1.075314121743463,1.1441444078719218,1941.13,1.0705512776816313,1.227820734568726,,,,,,
2000-06-19,1.048154359874037,1.1992399494364534,2034.2820000000002,1.0009806676117423,1.2290248185961432,,,,,,
2000-07-17,0.9954124978795733,1.1937384336255132,2105.201,1.0173164064180011,1.2503071118527642,,,,,,
2000-08-14,0.9919493436747229,1.1841280557541196,2200.368,1.0172571935794068,1.2718839037157164,,,,,,
2000-09-11,0.9917810605726883,1.1743957789896962,2089.886,0.98033178301119,1.246868215112861,,,,,,
2000-10-09,1.019755826195733,1.197596937884419,2032.076,1.002818842024434,1.250382939636552,,,,,,
2000-11-06,1.0188847620582753,1.2202132710980853,2109.29,1.0086080922378935,1.2611463513136318,,,,,,
2000-12-04,0.9983517211630282,1.2182020193867422,2216.103,1.0202047312097244,1.2866274743580486,0.09714634071922419,,0.09283099254599621,,,
2001-01-01,1.0408965520929558,1.268022281732336,2192.3779999999997,1.0013780276528172,1.2884004825965885,0.09438232869636011,0.2950649208210173,0.08084976998171464,0.2684874673548586,3.126272946393159,3.320819186196584
2001-01-29,1.0427221027974822,1.322194860002003,2185.196,1.0,1.2884004825965885,0.08551685623687745,0.3961816329734187,0.06902827840035611,0.22115099485280967,4.632789959864932,3.2037738732256833
2001-02-26,0.9950454463750761,1.3156439746655244,2067.197,0.9933867029576269,1.2798799074956404,0.0765852009197767,0.31284812758033365,0.05265392841694092,0.1928033537708096,4.084968425009987,3.6617088139007095
2001-03-26,0.967474931546612,1.2728525643292408,2192.069,1.0248777502397306,1.3117204401711664,0.07024166332787336,0.17751227212798248,0.04138463904121264,0.17039757929590843,2.527164986105076,4.117411272482504
2001-04-23,0.9779986309427855,1.2448480653060112,2247.221,0.9908779408697614,1.2997548487535824,0.054281286888490266,0.1699595740177134,0.026615430675808724,0.13327147427168481,3.1310896214907427,5.007301061365797
2001-05-21,1.0078070890032205,1.2545667049473421,2305.68,1.0147194347061086,1.3188865053837588,0.048513522245684525,0.09651080433177384,0.0269607502271708,0.07416862107889054,1.9893588398512718,2.7509850599092034
2001-06-18,1.0107311140108717,1.2680296032923757,2261.038,0.9789217148549848,1.2910866395493674,0.047939441195367374,0.05736104262391184,0.02325989855268005,0.05049680040156918,1.1965313152097177,2.1709811109967565
2001-07-16,1.0040609195662606,1.2731789695189835,2235.154,0.9884625402931043,1.2761907794674552,0.04643737407883357,0.06654769056249675,0.02151026086065621,0.020701847865469886,1.43306317126208,0.9624173318760179
2001-08-13,0.9921538252787959,1.2631893848727749,2044.251,1.0370296907149552,1.3234477293244127,0.042495688588894145,0.06676754995751245,0.024017126896951176,0.040541298980242106,1.571160561802534,1.688016187539425
2001-09-10,1.0140436481868405,1.2809291721872795,1938.065,1.0208551930183851,1.3510484871692168,0.035747384037605794,0.09071336520745284,0.026941562065084468,0.08355355505387223,2.5376224764313813,3.1012884424454126
2001-10-08,1.0499220260105104,1.3448757516388345,1803.6589999999999,0.9779692998389624,1.3212839430453682,0.03711985919320706,0.12297861583930474,0.024343384955189087,0.05670343153388271,3.313014071502993,2.3293158136496412
2001-11-05,1.0215145950014084,1.3738102087625588,1752.1989999999998,0.9875850088996553,1.3048802146514316,0.04296252636440467,0.12587712435404808,0.021394298393786666,0.03467786533438071,2.9299283586437284,1.6208928517352952
2001-12-03,1.0086390423592615,1.3856786133496444,1837.5529999999999,1.0324218879487954,1.3471868947574603,0.04635547716714389,0.13747850627206473,0.02392802644337155,0.047068340764001904,2.9657446039517326,1.967079937636921
2001-12-31,0.9855223067522441,1.3656171834455924,1712.5410000000002,1.0246453465761212,1.3803887826815664,0.04900637437713829,0.07696623562475957,0.03041603813744754,0.07139728782124372,1.5705351926761733,2.3473565984697062
2002-01-28,1.0447698346115804,1.4267556388911837,1418.281,0.9971308288607259,1.3764282110253188,0.05951232070227091,0.07908121718838197,0.03364382343250576,0.06832326564433047,1.3288209274178808,2.0307818396858655
2002-02-25,1.002543970340449,1.4303852629195914,1595.979,1.0158257034017242,1.3982111556467713,0.06784967671457975,0.08721302302413361,0.03720360902256206,0.09245496195238459,1.285385977460273,2.4851073425783894
2002-03-25,1.0010143809505592,1.4318362184822577,1748.4470000000001,1.0321995815583411,1.443232969788802,0.072444549740214,0.12490343234433997,0.047918072011986994,0.10025957177313981,1.7241246276254516,2.092312306473
2002-04-22,0.9815545358263165,1.4054253348116608,1700.835,0.993485351532838,1.4338308143344098,0.06958602708259151,0.12899346834440883,0.052525681523970455,0.10315481085483269,1.8537265849551485,1.9638928589200177
2002-05-20,1.020146898007955,1.4337402956899075,1608.274,0.9481517727653251,1.3594892284567204,0.06757857374642576,0.1428171097128596,0.05164135879479457,0.030785608092295465,2.1133489772771834,0.5961424875481519
2002-06-17,1.0454164111611655,1.4988556344572912,1561.5629999999999,0.9862910132712845,1.3408520086659756,0.07153298268158116,0.18203520687970315,0.04829613680105076,0.03854533661193955,2.5447730551095127,0.7981039305632606
2002-07-15,1.0033981301503598,1.5039489409797773,1761.5870000000002,0.9740527162370413,1.3060605411129864,0.07197969564255652,0.1812549350763942,0.04464225735320301,0.023405404682515934,2.518139781758551,0.5242881088502267
2002-08-12,0.9970987056494425,1.4995855424137856,1705.691,0.9881676481578574,1.2906067732633983,0.06523859676382715,0.18714229265378124,0.04773503161532929,-0.024814698256181853,2.8685824333601553,-0.5198425017532204
2002-09-09,0.9983530429321398,1.4971157894058462,1692.3139999999999,0.9716360187309525,1.2540000269208496,0.05529967987012809,0.16877327951662804,0.055811671646190136,-0.07183195952626979,3.0519757060618424,-1.2870418929867915
2002-10-07,1.0091194724649024,1.5107686956241035,1650.483,1.0,1.2540000269208496,0.05296413654779045,0.12335187379437519,0.06156922752425109,-0.050923131608970426,2.328969786622929,-0.8270873885645659
2002-11-04,0.9979220260925248,1.5076293576943662,1600.3470000000002,1.0192903455918885,1.2781901208123903,0.05130098592366231,0.09740730421005044,0.06344651039288322,-0.020454056655438632,1.8987413683432122,-0.3223826894305121
2002-12-02,0.9911906978163116,1.4943481951014366,1459.3310000000001,0.9983089376612309,1.2760286216372976,0.048054772602185644,0.07842336650422987,0.06609445380718133,-0.05281989707372686,1.6319579150534362,-0.7991577814958484
2002-12-30,1.0277991567287044,1.5358898147843179,1428.1529999999998,0.9556090853432095,1.2193845439945743,0.04247613225532804,0.12468547804085928,0.07224617073972125,-0.11663687847000796,2.935424470650084,-1.614436824481834
2003-01-27,1.0015687119645473,1.5382991835129964,1563.345,1.0093155471310258,1.2307437781850001,0.04315747274716317,0.0781798519531346,0.07492218121193354,-0.10584237643007655,1.811502087046409,-1.4126974778093895
2003-02-24,1.0127982223428194,1.5579866784933731,1549.0539999999999,0.9902886056851707,1.2187915400545228,0.04451565492595782,0.08920772527628786,0.07468237314786413,-0.12832082970275993,2.0039629973919433,-1.7182211048475475
2003-03-24,1.0440812510078243,1.626664680334886,1545.2620000000002,1.0058983166916309,1.225980358538845,0.05384575511056848,0.13606895770463606,0.06353227955131781,-0.15053190704321917,2.527013641562422,-2.3693767657372966
2003-04-21,1.02394714591773,1.6656186567940834,1644.219,0.972512438693742,1.1922811482732403,0.060315984294628026,0.18513493071283704,0.04980036519112568,-0.16846455219564932,3.06941738376515,-3.38279752666692
2003-05-19,1.003720590145915,1.6718157411554035,1628.6989999999998,1.0155509649517165,1.2108222706226297,0.06510120304052613,0.16605200131515838,0.04291464889573839,-0.10935500975087241,2.550674850229563,-2.5481977032260383
2003-06-16,1.0011254411762154,1.6736972714295448,1633.3570000000002,1.019308968457629,1.234201999653877,0.07205746183948668,0.11665008487329112,0.03416124294234018,-0.0795389859006183,1.6188480956092766,-2.328339927059152
2003-07-14,0.9979760901268369,1.6703098589972123,1593.3970000000002,1.0133167393448597,1.2506375459821721,0.07589397388736206,0.1106160677961952,0.02904441314606091,-0.04243524200155716,1.4575079170365475,-1.4610466318653215
2003-08-11,0.9959253088279387,1.6635038621601494,1544.4679999999998,0.9869902468389455,1.2343670602149972,0.07628605770526922,0.10930908248322743,0.024976471457218145,-0.04357617999028062,1.4328841438568303,-1.7446891993899802
2003-09-08,1.0022385280807664,1.6672276622680584,1494.568,0.9836088014668234,1.2141343046681996,0.07439768124262404,0.11362639687991251,0.02514597657963509,-0.03179084640894207,1.5272841166831084,-1.2642518101559215
2003-10-06,1.0616306727286042,1.769980024685377,1432.356,1.0087660547260424,1.2247774724276865,0.0830814384377169,0.17157578775101132,0.024488520727690515,-0.023303471982307623,2.0651518675815344,-0.951607989777721
2003-11-03,1.045751964807796,1.8509600884852841,1426.225,0.9948243812101322,1.2184384911279829,0.09805517011466701,0.2277288705202566,0.020248417655477104,-0.04674705954262151,2.3224565339486682,-2.308677168656517
2003-12-01,0.9944887632097884,1.8407590091484107,1499.336,1.020782810574547,1.2437610674858324,0.10070718372205051,0.23181398765196068,0.015041545512953228,-0.025287484625589406,2.301861486780942,-1.6811759538813846
2003-12-29,1.024916095954609,1.8866235372496636,1568.408,1.0022115764942836,1.246511740227189,0.10799509424755414,0.2283586485757109,0.0161179610193485,0.022246629552765126,2.114527980801153,1.3802384511328438
2004-01-26,1.0304513963680524,1.94407385837975,1677.285,1.0,1.246511740227189,0.11609907958546754,0.26378137570098076,0.017025709092129127,0.012811734108818477,2.2720367520811857,0.7524934227110257
2004-02-23,1.0236469986524905,1.990045370289198,1762.089,0.99085445915406,1.2351117161919976,0.12432322092490922,0.2773186046838607,0.01690852323231885,0.013390457351504615,2.230625965292197,0.7919353551769781
2004-03-22,1.0242900625178513,2.038383696746883,1841.2020000000002,1.011422158427035,1.2492193578894297,0.13830527797640002,0.2531062617817675,0.017764712458528783,0.018955441813343292,1.830054973209025,1.067027786551245
2004-04-19,1.0078238723724204,2.054331750636253,1757.0020000000002,0.9725063846604314,1.214873801388875,0.14959679040082302,0.2333746036384758,0.014480998111533076,0.01894909866549108,1.560024135632738,1.3085492118391675
2004-05-17,1.0117824417279415,2.078536794777985,1615.22,0.987029811573258,1.1991166592701488,0.15728076545370284,0.24328102888987851,0.016206838146703435,-0.00966748930581007,1.5467945377051888,-0.5965068089346282
2004-06-14,1.030222060126352,2.1413544587646003,1511.023,0.9493246766628006,1.1383510348426116,0.16537464745033556,0.2794156358608497,0.03047750550823467,-0.07766229907109698,1.6895917250240087,-2.5481842354228603
2004-07-12,0.9990469265479124,2.139313590678442,1466.817,0.9673059903956359,1.1011337751763295,0.16413306178448994,0.28078845919211726,0.044629429515960634,-0.1195420458038718,1.7107367409059744,-2.6785474764162176
2004-08-09,1.0362252599452562,2.2168107816051883,1464.545,1.0165904970277182,1.1194021318005125,0.16152564693476196,0.33261535006389464,0.05094207893172848,-0.09313674361535583,2.05921075925629,-1.8282870579384043
2004-09-06,0.9870446122357827,2.1880911383295953,1386.351,1.0014244654101228,1.12099668141728,0.14359572017753666,0.3124129282697758,0.0557160236862821,-0.07671113722165387,2.1756423372752303,-1.376823616372699
2004-10-04,0.9881532376025837,2.1621693425099124,1465.185,0.9783684344075108,1.0967477681742395,0.1292903697160529,0.2215783863969025,0.06138287849278531,-0.10453303325352126,1.7138042600043009,-1.7029672739411796
2004-11-01,1.008675634175837,2.1809275327517383,1370.463,0.9963677579629783,1.0927641148266671,0.12102333920669527,0.17826826538246968,0.06574918088397141,-0.10314380021347758,1.4730073269421697,-1.5687465429492882
2004-11-29,1.0167818499422259,2.217527531341247,1404.217,0.9670196707131977,1.0567243944868827,0.10679770823612711,0.20468106923303367,0.07029368044967,-0.15037990646951988,1.9165305380944022,-2.139309046098266
2004-12-27,1.0119841153956046,2.244102637169771,1344.009,1.0037033717934356,1.0606378378028607,0.0938413313342921,0.1894808862828265,0.0707676354491532,-0.1491152441054835,2.0191623838736525,-2.1071107316087074
2005-01-24,1.0075940909300618,2.26114455665283,1318.125,1.0322148933387731,1.0948061726187468,0.08424806640923038,0.16309601453997025,0.06559251472968626,-0.12170408245075365,1.9359021695256513,-1.8554568757168273
2005-02-21,0.9856543765299653,2.22870702823177,1348.786,1.0122669596627543,1.1082361157767953,0.07232379381928716,0.11992774712864405,0.058857150359114374,-0.10272398743522204,1.6582059761453216,-1.745310243673981
2005-03-21,0.9907536376933428,2.2080995955733456,1291.735,0.9515676462506657,1.0545616321797053,0.06205634610444697,0.08326003543754656,0.049180928059805264,-0.155823494473061,1.3416844636229739,-3.1683723878405807
2005-04-18,1.027302069296749,2.2683852837458125,1256.312,0.9651688241846885,1.0178300105611722,0.05425913842729203,0.10419618595840925,0.045087692561461695,-0.1621928060366741,1.920343539881923,-3.597274484951287
2005-05-16,1.0594962749227579,2.4033457582182916,1149.91,0.9688380447823568,0.9861124373528917,0.06894984073576028,0.15626808447959206,0.043572814699941745,-0.1776342779249716,2.2664023993683404,-4.076722588343808
2005-06-13,0.9753095465265728,2.344006061594444,1161.406,1.0696582066417195,1.054803261285989,0.07250456553418139,0.09463711250623981,0.0403968961366056,-0.07339368173735081,1.3052572870273156,-1.8168148733299636
2005-07-11,1.0073627588696288,2.3612644130149123,1062.45,0.9660102942901331,1.0189508088530703,0.07406067056504546,0.10374861511821774,0.042222022846700326,-0.07463486106408719,1.400859785992596,-1.7676761091023838
2005-08-08,1.0288724591256346,2.429439923264501,1196.725,1.0453298743044819,1.0651397209408302,0.08770591706757559,0.09591668509720462,0.0392852707371337,-0.048474457318035874,1.0936170363888083,-1.2339092084254433
2005-09-05,0.9727614647040528,2.363265538165278,1256.999,1.0358006613637805,1.1032724273953445,0.08769337413063963,0.08005809116772526,0.03739370177243285,-0.01581115655001469,0.912932042601761,-0.4228294017596004
2005-10-03,0.9889867733265588,2.3372383591039316,1214.008,1.0004087310220253,1.1037233690621662,0.08085162305840884,0.08096915128340211,0.03797393185989709,0.006360259934277335,1.0014536285178637,0.16749016029583647
2005-10-31,1.044106716477848,2.4403262687500793,1148.882,0.9577432617633624,1.0570836195700466,0.08209649914317087,0.11893964017733785,0.036909249610691426,-0.03265159861355818,1.4487784670320105,-0.8846454197242758
2005-11-28,1.0166084984029968,2.480856423687406,1167.697,0.9920268936233839,1.0486553794222362,0.08806782260413037,0.11874887171609888,0.03703918080139003,-0.0076358746961307945,1.3483797850876986,-0.2061566841090673
2005-12-26,1.0077129296167078,2.4999910946724646,1216.609,1.0220315646308793,1.0717588981894965,0.09416143847014632,0.11402707401360945,0.037195147560716846,0.010485257069155124,1.210974214776482,0.2818985205540356
2006-01-23,1.0301069478829468,2.5752581962675993,1316.638,1.0419794981453678,1.116750798868324,0.10722895051664255,0.13891798235127062,0.039324749198766766,0.02004430263403276,1.2955268300393348,0.5097121543666795
2006-02-20,1.0088386988368558,2.5980201278915533,1329.5620000000001,0.9906003525612849,1.1062537350820583,0.11258982729553849,0.16570733388533002,0.03913418272046639,-0.0017887710628772344,1.4717789152510439,-0.04570866026906301
2006-03-20,0.979977120444902,2.5460002837890605,1351.335,1.0227879085123146,1.1314629439885144,0.10088480985667034,0.15302782940276619,0.04349878732496958,0.07292253905526551,1.5168569938346197,1.6764269429048158
2006-04-17,0.917119915527567,2.334987565201785,1445.9160000000002,1.014846679763582,1.1482614119822716,0.09314488630360325,0.029361097487809122,0.045976584644483516,0.12814654713235185,0.3152196395635442,2.7872132765678903
2006-05-15,1.0986380741393311,2.565306241772575,1747.44,1.1119149837836186,1.2767690692836227,0.09857377782091879,0.06738958928421185,0.06455786558045307,0.29474999089451315,0.6836462066680657,4.565671250812821
2006-06-12,1.009571207871097,2.5898593210656027,1632.615,0.9221745179188622,1.177403900960339,0.09970621298024374,0.10488593161057097,0.06630144934606381,0.11623081210886514,1.0519498080962475,1.7530659322723467
2006-07-10,1.0205348992510215,2.6430418212980036,1823.825,1.0220621858986716,1.2033800047011471,0.10440158151391021,0.11933327192413488,0.0649949110180857,0.18099911619450018,1.1430216879256299,2.7848198168028073
2006-08-07,1.0155901254021533,2.6842471747351753,1626.174,0.9593120592562528,1.1544169503776567,0.11494547593969717,0.1048831251312784,0.06296046640107884,0.08381738816196672,0.9124597925567971,1.3312701279565249
2006-09-04,0.9801173731530767,2.6308772897950075,1742.605,1.0043618666345444,1.1594523631558615,0.10990592453404854,0.11323812212718597,0.06284842053526957,0.050921181718597996,1.0303186348439761,0.8102221389958688
2006-10-02,1.0298004315335294,2.709278568342661,1840.3120000000001,1.01744905738822,1.1796837139794754,0.10296729458691457,0.15917940409867515,0.06322532298487617,0.06882190505928373,1.5459219817056764,1.0885180464122943
2006-10-30,1.0291434276469849,2.7882362322746816,1901.336,1.0287896569990516,1.2136464034723118,0.11354886206305233,0.14256698703767992,0.06079985255979189,0.14810823004328155,1.255556281651807,2.4359965330117985
2006-11-27,0.9737165325255006,2.7149517159524694,2151.157,1.0143799436213785,1.2310985703305324,0.1136775736165281,0.0943606772362574,0.05555899753979436,0.17397821485340065,0.8300729355340312,3.1314138583725892
2006-12-25,1.0159963607084237,2.758381062906799,2561.655,1.0446724926624509,1.2860948121803768,0.11613055690565277,0.103356355462613,0.05674673276676654,0.19998519662673586,0.8900013761802775,3.524171117457819
2007-01-22,1.119702082469117,3.0885650203801194,3080.745,1.0494648512590021,1.3497113007698534,0.1714944511165666,0.19932246982320895,0.06932289136796081,0.208605628164854,1.1622677499211176,3.0091882212123937
2007-02-19,1.0874765795826615,3.3587421241816253,3148.79,1.068293222450514,1.4418874348773014,0.2556707682767794,0.2928083536086546,0.09028341288804775,0.30339667035822204,1.1452555001973141,3.3604918185186095
2007-03-19,1.1117847369570397,3.734198229039797,3167.715,1.0203028910216543,1.471161918333108,0.3724400662601853,0.4666919924621581,0.10774418216908273,0.3002298715564845,1.2530660225372443,2.7865065705852627
2007-04-16,1.1280193344128708,4.212247800887193,3780.605,1.0582788812815105,1.5568995891175224,0.5093873286040752,0.8039701211527346,0.13152820765617995,0.35587556358774497,1.578308049703423,2.70569765930376
2007-05-14,0.9687224050429395,4.0804988203122745,4241.434,1.0511384391807264,1.6365170040661066,0.5800374353018326,0.5906478352825166,0.1636370617501821,0.28176429351028487,1.018292612398651,1.7218855587888928
2007-06-11,1.0189022782455874,4.1576295443946085,4191.102,1.088490769350238,1.7813336528106627,0.6311764914068351,0.6053495688267515,0.20308646196975194,0.5129333709169248,0.9590812982870802,2.5256896296382476
2007-07-09,0.9988860395452647,4.152998109496713,4074.953,1.0118930465135971,1.8025191367997757,0.6590593059840609,0.5712948906185551,0.23093402249232048,0.49788024544035986,0.8668338121188317,2.1559415112033413
2007-08-06,1.0747241935026888,4.463327543847046,4855.641,1.0424635647504472,1.8790605248791932,0.70096690643264,0.6627855980838996,0.2519224724065911,0.6277139072364418,0.9455305122134043,2.4916947711728588
2007-09-03,1.0329525497193706,4.610405566649502,5587.316,1.0330761667072823,1.9412126440531707,0.722866368934044,0.7524213632209106,0.2668823107806544,0.6742495903578746,1.0408858338927138,2.5263929572013777
2007-10-01,0.9593593615769807,4.423035741031824,5827.66,1.0122037767755503,1.9649027698350714,0.7024211085946057,0.6325511125781041,0.2720448850844127,0.6656182895047219,0.9005297603366498,2.446722309438707
2007-10-29,1.0744102246528775,4.7521548241697085,6034.063,1.0143486643399986,1.9930965001401684,0.6931724633330485,0.7043587516588703,0.27016609489686105,0.642238212413274,1.0161378140615016,2.3771976741139764
2007-11-26,1.0090910629765149,4.795356962950384,5205.4529999999995,0.9409234635767777,1.8753512621546409,0.6384865048286318,0.7662770703338492,0.24674595048364611,0.5233152790122532,1.2001460712776006,2.120866737575649
2007-12-24,0.989490951920401,4.744962326067899,5493.133000000001,1.0735392753814657,2.01326323505921,0.5340244334884648,0.7201982676996879,0.2291646024833535,0.5654080989923523,1.3486241874647191,2.4672575644985293
2008-01-21,1.0138032924673748,4.810458428801289,5157.441,0.8937556309848305,1.7993653529889053,0.4414315242397149,0.5575059605542159,0.1957528781778991,0.33314831991298927,1.2629500385465628,1.7018821026489632
2008-02-18,1.0105139235617713,4.861035221018784,4793.988,0.993140806339544,1.7870231575668398,0.35378914305148357,0.44727848739003745,0.16721160007653296,0.23936384653973214,1.264251592155131,1.4315026375572928
2008-03-17,1.0464496643246528,5.086828675305421,4008.393,0.9213959434969341,1.6465558883171687,0.3247046392214101,0.3622278099075196,0.14312477967510068,0.11922139079210937,1.1155609318551287,0.8329891655571243
2008-04-14,0.9914967773938725,5.043574238720066,3459.0,0.9157463094152963,1.507827477972472,0.3343469041797366,0.1973593380849479,0.15110431123656987,-0.03151912396152998,0.5902831329308568,-0.20859182443963123
2008-05-12,1.035722278560959,5.223742202618501,3805.748,0.9643471981147614,1.4540692036232006,0.3326698323282152,0.2801724574984036,0.17577721150051653,-0.11148542910925725,0.842193761717422,-0.6342427903911176
2008-06-09,0.9461489725681487,4.942438317968373,3493.188,0.9624152042949016,1.3994183096639474,0.2947007528888822,0.18876351661293572,0.2086358474247329,-0.21439854490151986,0.6405260752221749,-1.0276208405598461
2008-07-07,1.0412219036794554,5.146175034253314,2928.775,1.0205014953289917,1.4281084776028283,0.2487222021136347,0.23914697251739434,0.2292173650880012,-0.20771522007898494,0.9615023125604779,-0.9061932109691552
2008-08-04,1.0701833291582497,5.507350730588281,2875.9809999999998,0.9443378755540961,1.3486169258002494,0.28352450095907905,0.2339113982751459,0.2497228239099565,-0.28229191771938617,0.8250129970563151,-1.1304209735397404
2008-09-01,1.0436721679073226,5.747868676419048,2440.871,0.9634649467322959,1.29934513457841,0.3484263410362425,0.24671649669991394,0.26216952962605117,-0.33065285837751823,0.7080879590393858,-1.2612177275107033
2008-09-29,1.0031523364779775,5.765987892518348,2408.8779999999997,1.025676857531421,1.332708234483125,0.3599039799336453,0.30362679166893525,0.2585330099639356,-0.32174341909295145,0.8436327703986887,-1.244496473149922
2008-10-27,1.048747209987023,6.047063715097572,1810.4279999999999,0.8731324928164453,1.1636308629712546,0.4258162393892372,0.27248878431777707,0.2575292418988155,-0.41616933104372017,0.6399210718422037,-1.6160080617456063
2008-11-24,0.979881307290836,5.925404698420788,1992.724,0.9342752081781266,1.087151466744962,0.4489544952133741,0.23565456006743915,0.2653545483379844,-0.42029448632684163,0.5248963148379656,-1.583897803747117
2008-12-22,1.0133365707306332,6.004429277288903,2087.324,1.011824438141654,1.1000064220140962,0.4558859398211649,0.265432444911467,0.23177402782238166,-0.453620171044476,0.5822343304020101,-1.9571656725580335
2009-01-19,1.059450805238087,6.361397432818873,2085.947,1.0455570715237352,1.1501194932583605,0.49215428512500303,0.3224098133208606,0.21026138427907068,-0.3608193625891984,0.6550990676408949,-1.7160514938411076
2009-02-16,1.00513649083017,6.394072692399615,2508.56,1.074080908877215,1.2353213906363418,0.5064896723885619,0.3153726318937337,0.16891494331996773,-0.3087267026140162,0.6226634995467201,-1.8277050955119438
2009-03-16,1.0144828438154248,6.486677048548112,2260.295,1.0162886206716704,1.2554430721760175,0.5295549509578805,0.27519078439547434,0.137756010034151,-0.2375338844652766,0.5196642650544538,-1.7243086846547728
2009-04-13,1.0448798509066746,6.777798147366699,2638.591,1.0388554361546232,1.3042238603127168,0.5576859621945044,0.34384819704502567,0.12145898521464164,-0.13503110974840082,0.6165624031345109,-1.1117424495995467
2009-05-11,1.0112557713494905,6.854087493566459,2708.153,1.007826214133108,1.314430995521033,0.5826205794710987,0.3121029384127562,0.10979330041585582,-0.09603271134153854,0.5356881466426785,-0.8746682263653854
2009-06-08,1.034510448054334,7.090625123973044,2905.825,1.0172989750778247,1.3371693045540716,0.5629077232675401,0.4346410957107705,0.10457984659256063,-0.04448205706614212,0.7721356054377553,-0.4253406226482874
2009-07-06,1.0632327774555206,7.538985044457754,3280.268,1.05020161903527,1.4042973685669522,0.5933703902125488,0.46496864064625143,0.1015193252944286,-0.016673179530342544,0.7836060718831908,-0.16423650848729165
2009-08-03,0.985794095255293,7.431886941044417,3634.9840000000004,1.0078865039937162,1.4153723653725205,0.6065516219907713,0.34944863775737084,0.10805364960577066,0.04949918564358775,0.5761234907103879,0.45809823013089807
2009-08-31,0.9970881369276308,7.410246303902767,2799.4790000000003,0.8910302704302728,1.261139621477412,0.6112815242170008,0.28921635497757897,0.10745582130984321,-0.029403668112702213,0.4731311899996329,-0.2736349483376827
2009-09-28,0.9947895410155384,7.371635519471523,2899.869,0.9313317360807791,1.1745393531108148,0.5855342761588016,0.2784687822595988,0.10731250090825667,-0.1186823021571965,0.4755806681145953,-1.1059503893088847
2009-10-26,1.0102327063301013,7.447067300914819,3263.551,1.0234911620794531,1.202130647423437,0.5749792012090899,0.23151791543421127,0.10535210844980411,0.03308590866512059,0.40265441766826676,0.3140507499276547
2009-11-23,1.0109977884193324,7.528968571434809,3501.737,1.0193098329161088,1.2253435893685172,0.5295124643277709,0.27062520699073855,0.09398230794508108,0.12711395500142766,0.5110837330983397,1.3525306813672546
2009-12-21,0.9760583799853239,7.348712866795077,3275.6929999999998,0.9455193021205748,1.1585860154776406,0.44893544210952796,0.22388199234701292,0.08680396650937988,0.05325386496952087,0.4986952941273722,0.6134957549867995
2010-01-18,1.0166585845591554,7.471132021487536,3394.5640000000003,1.0074555349355963,1.1672238939919275,0.404146273233167,0.1744482404044539,0.08503792618769988,0.014871846650567731,0.43164629234081353,0.17488486981375653
2010-02-15,0.9934746228240486,7.422380067116002,3164.6540000000005,1.028206478636472,1.2001471698217905,0.3353475314175466,0.16082197125138967,0.08663265256811344,-0.028473740583762026,0.47956807843964017,-0.32867215466333594
2010-03-15,0.9555800773131008,7.092678518381928,3121.508,0.9750519776496107,1.17020587140532,0.2532854051002086,0.09342248200401088,0.09040238692406206,-0.06789411854649739,0.36884273678165413,-0.7510213043769342
2010-04-12,0.9692762709203142,6.874764985133854,3280.9,0.9908636027581942,1.1595144057094675,0.23786311414788963,0.014306539625236366,0.09291385229991816,-0.11095446035510494,0.0601461041006189,-1.1941648915487133
2010-05-10,0.9613177143011663,6.6088333618665684,2829.7940000000003,0.940328959654625,1.0903249748253343,0.28174424109970897,-0.03578217113949833,0.09958749027700792,-0.17049660382275472,-0.1270023160006137,-1.7120283215141714
2010-06-07,1.100261507529825,7.271444957740712,2633.5559999999996,0.9687815095601453,1.0562866750224147,0.27603004780812057,0.025501254206251302,0.10432197303399844,-0.2100576408499951,0.09238579063674342,-2.013551265767735
2010-07-05,0.9813864375113381,7.136097462636941,2477.883,0.9323428760636565,0.984821356538115,0.26872201756892494,-0.05344055989565787,0.1029233568393967,-0.29870882152040296,-0.1988693013662374,-2.9022452307546978
2010-08-02,0.9256708234159594,6.605677214215675,2801.046,1.0323784082025742,1.016708304426719,0.3184832227327699,-0.11117092245655621,0.08246011773458334,-0.28166726347018567,-0.34906366967354047,-3.415799918898926
2010-08-30,0.9219113070602418,6.08984851457563,2779.098,1.0047222812718275,1.0215094870116246,0.4348558500252709,-0.17818541181711067,0.08076498636601911,-0.19001078896011783,-0.4097574214691046,-2.3526381605391142
2010-09-27,1.0451358965201551,6.364719286952936,2753.04,1.0151177711243198,1.0369524336375877,0.4702208325545768,-0.1365933285576731,0.0827483256286831,-0.11714117463056695,-0.2904876158199971,-1.4156319628292542
2010-10-25,0.927038528922185,5.900340004779508,3197.238,1.0323601606448525,1.0705083809711708,0.5432210095668657,-0.20769616194354876,0.07911822314820631,-0.10949081677135189,-0.38234191661540146,-1.3838887226555991
2010-11-22,0.9920969779417037,5.8537094875702875,3020.95,0.9567501247817901,1.0242090270741198,0.5793909979392898,-0.22250844428020558,0.0729363217186307,-0.16414543972768686,-0.3840384905385096,-2.2505308172917897
2010-12-20,1.0823964557475017,6.336034402321603,2987.42,0.9759056728833386,0.9995313997399584,0.5632928043734655,-0.13780351509571548,0.07362790663790626,-0.13728338993640457,-0.24463922497463889,-1.8645564732887054
2011-01-17,1.001577856386373,6.346031754667586,2833.843,0.9694928115343878,0.9690385069507944,0.5186793928298157,-0.15059301101681474,0.07385437129838765,-0.16979209221234784,-0.290339298415555,-2.299012085910948
2011-02-14,0.9945602508555763,6.311510933859648,3035.718,1.0358970299137935,1.0038241112224249,0.4616870444007004,-0.1496648141447151,0.06231643326772881,-0.16358248682827586,-0.32416940427468505,-2.6250296791775583
2011-03-14,1.0454249333815335,6.598210897567043,3075.796,0.9803518217553733,0.9841007961588727,0.43007931572960334,-0.06971521683005721,0.052038318750164854,-0.1590361831144725,-0.162098511321777,-3.056136073073435
2011-04-11,1.0390566903003728,6.855915177129864,3165.133,1.0186614803474179,1.0024655738262698,0.42868306616135227,-0.002741883983634571,0.03564065177710297,-0.13544362287340872,-0.006396063199292672,-3.8002566204589816
2011-05-09,0.9953327263906057,6.8239167451554,3008.0840000000003,0.9865190427621763,0.9889513782931274,0.4379956669393186,0.032544833787136754,0.02954567405068974,-0.09297557964169953,0.07430400856373227,-3.1468423933123644
2011-06-06,0.9846949854295073,6.7194765999429675,2856.895,1.0078916192689713,0.9967558060461412,0.3798172137728261,-0.07590903334971336,0.026615247106310233,-0.0563586291335259,-0.1998567484493096,-2.1175316880737802
2011-07-04,0.957350010190717,6.432890991431684,2946.493,1.0196927659954407,1.0163846848892046,0.3204886512383275,-0.09854216185906842,0.02578650612480585,0.032049800851234975,-0.30747473109676116,1.2428903976411143
2011-08-01,0.9746942318030628,6.270101743166348,2831.598,1.0055144245400236,1.021989461537662,0.3162857563509047,-0.05080107007456488,0.02594090003810204,0.005194368028616473,-0.1606176347005756,0.2002385430338568
2011-08-29,1.0352429821214546,6.491078826800462,2698.658,1.024112383539415,1.0466320634074981,0.30530166749727033,0.06588510555960708,0.02770681229105587,0.02459358108299945,0.2158032941637836,0.8876366153077302
2011-09-26,1.0652255147745815,6.914462784720908,2506.772,0.9817507771105547,1.0275318415991346,0.33539757991639,0.08637356542886243,0.02712861561575831,-0.009084883484390962,0.2575259053759248,-0.3348819421184835
2011-10-24,0.9574231889948741,6.620067009533869,2482.806,0.9712623916046328,0.9980030339214881,0.29388786304567255,0.1219805984352349,0.02072510965391743,-0.06772982663050753,0.41505830547441874,-3.2680081196919186
2011-11-21,1.0446056322688002,6.9153592841559535,2529.5860000000002,0.9550736112259527,0.9531663616218526,0.24024000523682,0.181363594971695,0.024565297499227874,-0.06936344395949745,0.754926702540292,-2.823635413398826
2011-12-19,1.084014718954064,7.496351250880694,2323.915,0.9679780805758765,0.9226441451922127,0.3356871806783878,0.18312982141225995,0.03274838288399208,-0.07692330082651626,0.5455371308555013,-2.348919062630038
2012-01-16,0.9587985675214056,7.187490840981706,2311.324,0.9911792693747098,0.9145057497244711,0.3475574518709786,0.13259610396610702,0.039175441109174605,-0.05627511892991512,0.3815084477467333,-1.4364897327661716
2012-02-13,0.9803299430865385,7.046112487074613,2463.848,1.0088533984979275,0.9226022335554278,0.33119015625623205,0.11639075982171161,0.04315416315781016,-0.08091245942288401,0.3514318213360892,-1.8749630047742043
2012-03-12,1.0193326395808524,7.1823324402333695,2550.315,0.995792418153045,0.9187203091455598,0.3413238091126718,0.08852726166750895,0.04683085100304244,-0.06643677890364993,0.2593644489602127,-1.4186541025986004
2012-04-09,1.011993432871855,7.268473262218655,2394.1,1.0101389410439352,0.9280351601958525,0.36124898605922856,0.060175494362154976,0.04828437501569829,-0.07424735130437134,0.16657623047913248,-1.5377096893194109
2012-05-07,0.9898291270293437,7.194546543978017,2568.121,1.0232740037693597,0.9496342540123491,0.37140907685937596,0.05431335297074712,0.048469098988633615,-0.039756377455722185,0.14623593324648715,-0.820241726899965
2012-06-04,0.9888371119964358,7.11423462667116,2418.234,0.9775729753504045,0.928336783189514,0.3712932329491285,0.05874832970346873,0.049092115013797295,-0.06864170987679208,0.15822623331117358,-1.3982227055709535
2012-07-02,1.009615724427166,7.182643146351432,2331.181,1.0009424702424146,0.929211712982609,0.3443298708625063,0.11654979944761751,0.04745087438492941,-0.08576769524631153,0.3384829760940397,-1.8075050535539066
2012-07-30,0.9752470748072793,7.0048517178637875,2210.404,0.9857247654872091,0.91594699786775,0.2679704665615083,0.11718310241109366,0.0446675149492155,-0.10376081912856794,0.43729857217006474,-2.3229592970761472
2012-08-27,0.9872718979983245,6.915693250692205,2153.011,0.9756213720256841,0.8936174667625406,0.21516748877182193,0.06541507740417338,0.036628146852118494,-0.14619712312920274,0.30401933757540817,-3.9913873808428018
2012-09-24,1.0227371870114783,7.072936661447212,2129.0860000000002,0.9781251536154943,0.874069721950599,0.20940714168223376,0.022919188613826694,0.029646298226143075,-0.1493502326990709,0.10944797980484146,-5.037736298806068
2012-10-22,1.0483299613077577,7.414771416627176,2233.5660000000003,1.0162249960758085,0.8882514997592305,0.17283736758077198,0.12004476781712568,0.022431316717843153,-0.10997114280405257,0.6945533219893855,-4.902571890332912
2012-11-19,1.0744836022333306,7.967050301474305,2112.022,0.9699831908073004,0.8615890239758284,0.2705699294598005,0.152080459467655,0.024841496305432177,-0.09607697179976178,0.5620745061037912,-3.8676000277307083
2012-12-17,0.962043251579155,7.664646977525027,2262.305,1.036813369881195,0.8933070194010283,0.2876347310550661,0.022450352313008518,0.025058678054845077,-0.031796793968787034,0.07805160465378752,-1.2688935106311063
2013-01-14,1.0246632498963086,7.853682081298714,2420.006,1.0114582893607809,0.9035427897173419,0.3320011416547499,0.0926875950253059,0.025044738799088927,-0.011987852466135016,0.27917854307167506,-0.4786575161475075
2013-02-11,0.9556764868652691,7.505579300412269,2545.855,1.0016008428719019,0.9049892197517193,0.3273041408560911,0.0652085549557295,0.02467557349625893,-0.019090582228305814,0.19922923915710666,-0.7736631625279202
2013-03-11,1.0100636047291423,7.5811124837548505,2418.428,1.0164118521731311,0.9198417690445618,0.33058017892132474,0.055522359461897,0.024722387566239817,0.0012206760728355134,0.16795429067485274,0.04937533114732145
2013-04-08,0.9916232579907209,7.517607460335111,2314.728,0.9898213878712748,0.9104790564576568,0.33176037711684586,0.034276001180529855,0.023941912155573706,-0.0189174984862542,0.10331553598535326,-0.7901415042929303
2013-05-06,0.9700775952147617,7.292662566890437,2335.172,1.0244049238004158,0.9326992284523804,0.3281931189744106,0.013637554821928941,0.02170237794079156,-0.017833208404620698,0.04155344531459317,-0.8217167931216232
2013-06-03,0.9504206057148228,6.931096774097823,2406.692,1.0027310941000451,0.9352465178123234,0.34459960153788893,-0.025742453290302742,0.022413137324029688,0.007443133513539599,-0.0747025045166001,0.33208798063087885
2013-07-01,0.9413283560025582,6.524437931656138,2088.077,1.0162832950699912,0.9504754128250432,0.4164418767685138,-0.09163830101035197,0.024970705303393268,0.02288358997776885,-0.22005063881049278,0.9164174459525258
2013-07-29,1.039516155353719,6.78225863455916,2068.385,0.9857328856105022,0.9369148713858632,0.43493979562004753,-0.03177698718974601,0.026277154063181516,0.02289201620500382,-0.07306065692251713,0.8711756284551068
2013-08-26,1.0497333728111071,7.11956323173304,2194.0879999999997,1.0051865361717487,0.9417742142561553,0.4230706653248534,0.029479326750131606,0.027437402176987875,0.053889666758730956,0.06967943931422427,1.9640950849176588
2013-09-23,0.9674729335032949,6.887984725066963,2324.879,0.9951881752649693,0.9372425617971833,0.43519622099911776,-0.026149242561208694,0.025743335913084954,0.07227437155196965,-0.06008609748764731,2.8074982898868854
2013-10-21,1.0579265133206972,7.286981663996314,2333.429,0.9961799488297571,0.9336622472521886,0.43409776888297874,-0.01723448309469145,0.02462658522950019,0.05112374986731482,-0.03970184674995971,2.075957725802507
2013-11-18,1.0099279878238439,7.359326729229043,2300.166,1.0417390170135408,0.9726323916751484,0.38652460321981447,-0.07627962034239981,0.021712720291865616,0.12888205932209656,-0.19734738670443702,5.935785916718161
2013-12-16,0.9529546729344612,7.013104796270301,2261.862,0.9654137148330229,0.9389926504140327,0.3708161733407805,-0.08500615659993707,0.019044000453069726,0.051142138168394864,-0.22924069312860396,2.6854724297252996
2014-01-13,0.936972975750616,6.571089670212301,2103.0660000000003,0.9822706413983957,0.9223449129905714,0.35386827523923514,-0.16331096647527119,0.017323130865908143,0.020809333533734937,-0.46150214049242944,1.2012455308923187
2014-02-10,1.0194300003436467,6.69876594476266,2183.225,1.0261362829870224,0.9464515806481336,0.3485842098413439,-0.10749514772367968,0.015308707501121321,0.045815309167759326,-0.30837641146340355,2.9927614179318196
2014-03-10,1.0751693102484297,7.2023075603461395,2092.751,0.9632627792494126,0.9116815800001208,0.31402160845321014,-0.04996693087201004,0.01620431585400273,-0.008871296476259196,-0.15911940301858307,-0.5474650430285115
2014-04-07,1.0116562465929337,7.286259433307685,2155.532,1.0125644440373267,0.9231363521918939,0.28865884450194357,-0.03077415630545751,0.014854101456381288,0.013901797789267189,-0.10661082066809945,0.9358895137541293
2014-05-05,0.9948457733896285,7.248704401046461,2122.481,1.011880464978134,0.9341036412941522,0.28513773803549,-0.00602772518826679,0.014823925980481217,0.001505751049137427,-0.021139696308864392,0.10157572637100735
2014-06-02,0.9707177046804795,7.03644569809111,2135.087,0.9990057139862587,0.9331748751082286,0.28472171361531673,0.015199459396813738,0.01485871877029825,-0.0022150766291444083,0.05338356251026749,-0.1490758835527746
2014-06-30,1.0628688225860312,7.478818754320643,2144.746,1.0118521020709335,0.9442349589780419,0.27436454411061956,0.14627786066197562,0.014487536131192939,-0.006565613126649112,0.5331514723819366,-0.453190457452097
2014-07-28,0.9607838819723143,7.1855285153435355,2280.536,1.0602178421548605,1.0010947506948829,0.2610125137281178,0.059459525581862176,0.023014285863341633,0.06850129213349584,0.2278033521557432,2.976468291923336
2014-08-25,1.0196743960424433,7.326899449128674,2333.8,0.9954756149422861,0.9965654125634831,0.2681628370245541,0.029122041710578923,0.02761103222858859,0.05817869875594729,0.1085983502923352,2.1070816286146954
2014-09-22,1.0221775653120873,7.489392240196821,2397.161,0.9789261203397956,0.9755639129855983,0.2762361909431343,0.0873125506421635,0.0286481680294674,0.0408873356273246,0.31607933176336617,1.4272233947129895
2014-10-20,1.0849306028472494,8.125470838116248,2467.345,0.9960699694801943,0.9717299170335438,0.383431600502314,0.11506673308411919,0.028922630001014204,0.04077242053364603,0.30009715665943076,1.4097065354089962
2014-11-17,1.1277973343579075,9.163884351630418,2590.627,1.0001134989207952,0.9718402073304315,0.6600511772001589,0.24520689035781126,0.02887557945482472,-0.0008144745656192613,0.37149678514012086,-0.028206345326973987
2014-12-15,1.1199577520777093,10.2631633187521,3093.68,0.9776804139675493,0.9501491362131252,1.0267328946231096,0.46342648753947635,0.028634154215354788,0.011881334528202434,0.45136031967651113,0.4149357595423993
2015-01-12,0.9260691436492116,9.504398865728758,3383.836,0.9637680829199715,0.9157234114961906,1.0966423008968869,0.44639615995708765,0.029266528417403112,-0.007178986300159142,0.4070572141818744,-0.24529681818668367
2015-02-09,0.9927295334751057,9.435297451936234,3242.7129999999997,0.9893601571400414,0.905980258294686,1.1202714439881167,0.40851278127027185,0.031932177218932566,-0.04276111232835886,0.3646551766203952,-1.3391229804087967
2015-03-09,1.0068902839693628,9.50030933071548,3460.377,0.9898140353496737,0.8967519754098028,1.1548648592286532,0.31906465408690476,0.033604773940240994,-0.01637589803044614,0.276278779752647,-0.48730867999788424
2015-04-06,1.09737656758639,10.425416844349508,4050.095,1.020476836223105,0.9151146187430151,1.2632426356674278,0.43083250600325723,0.034162346743240014,-0.008689651783110916,0.34105285385307554,-0.25436343259499317
2015-05-04,0.8717766675461266,9.08863515434627,4694.5509999999995,0.989557744477866,0.9055587580620604,1.216526761339406,0.2538289122445366,0.03593707972692751,-0.030558582549302937,0.20865049607710137,-0.850335719582844
2015-06-01,1.135340298290545,10.318693747189426,5056.188,1.002925752533305,0.9082081988925171,1.2016242623240196,0.4664639208384348,0.037257782926698096,-0.026754552529948752,0.3881944926247271,-0.7180929842923379
2015-06-29,0.9830806928468772,10.14410859826172,4245.469,0.9053016240532433,0.8222023574358668,1.1715378633138434,0.3563784511292366,0.050077958487479306,-0.12923965627607414,0.30419712609302696,-2.5807692681479253
2015-07-27,1.0282043974995014,10.430217069445204,3903.4559999999997,0.9332523955581132,0.7673223197105508,1.0773645889352774,0.451558788914853,0.06388213968850659,-0.23351678831805409,0.41913275557080737,-3.6554315409079425
2015-08-24,1.0591441309475929,11.047103193612289,3362.83,0.8037101115093617,0.6167047071381888,0.9934122067187842,0.5077459804537139,0.1002701972911585,-0.3811698666605053,0.5111130878195933,-3.8014273129800213
2015-09-21,0.9889642549351302,10.925190179062275,3306.421,1.0131928118434697,0.624840776302445,0.8248175381637446,0.4587552405687809,0.11959355521671149,-0.3595081080949443,0.5561899684990789,-3.006082622458139
2015-10-19,0.9779939493931363,10.68476989109222,3547.078,1.030107399475984,0.6436531071634666,0.6618245321486952,0.31497240024176876,0.12821754351275505,-0.3376213947097732,0.4759152689900628,-2.633191882015636
2015-11-16,1.0301120250935938,11.006509950172065,3777.327,0.9889735202157802,0.6365558791892784,0.6483932010188703,0.20107473292303285,0.13188362994222083,-0.3449994408670874,0.3101123401773316,-2.6159383163644656
2015-12-14,1.071192618491844,11.790092213981351,3685.935,0.9953007259936847,0.633564528692637,0.7825806972820551,0.14877760859942255,0.13274765733227925,-0.3331946485603877,0.1901115234711707,-2.5099851496917323
2016-01-11,0.9864754100961003,11.630636051858092,3157.712,0.915270616408954,0.5798829967113583,0.8169023358283296,0.22371085390746623,0.1375709715069448,-0.366748748113916,0.27385263096429513,-2.665887607658582
2016-02-08,1.0854854467097774,12.624886170270024,2891.6220000000003,1.027701454217059,0.595946598996009,0.9417518804673136,0.338048560162695,0.1366839835699798,-0.3422079636506087,0.35895713847149363,-2.5036434753557226
2016-03-07,0.96197689927743,12.144848851806866,3032.1929999999998,1.0779965472176518,0.6424283760438002,0.9373257324098485,0.2783635173374111,0.12951202724651278,-0.28360528478320923,0.29697628872488463,-2.189798822648308
