,PI
1990-01-01,
1990-01-08,
1990-01-15,
1990-01-22,
1990-01-29,
1990-02-05,
1990-02-12,
1990-02-19,
1990-02-26,
1990-03-05,
1990-03-12,
1990-03-19,
1990-03-26,
1990-04-02,
1990-04-09,
1990-04-16,
1990-04-23,
1990-04-30,
1990-05-07,
1990-05-14,
1990-05-21,
1990-05-28,
1990-06-04,
1990-06-11,
1990-06-18,
1990-06-25,
1990-07-02,
1990-07-09,
1990-07-16,
1990-07-23,
1990-07-30,
1990-08-06,
1990-08-13,
1990-08-20,
1990-08-27,
1990-09-03,
1990-09-10,
1990-09-17,
1990-09-24,
1990-10-01,
1990-10-08,
1990-10-15,
1990-10-22,
1990-10-29,
1990-11-05,
1990-11-12,
1990-11-19,
1990-11-26,
1990-12-03,
1990-12-10,
1990-12-17,
1990-12-24,
1990-12-31,
1991-01-07,
1991-01-14,
1991-01-21,
1991-01-28,
1991-02-04,
1991-02-11,
1991-02-18,
1991-02-25,
1991-03-04,
1991-03-11,
1991-03-18,
1991-03-25,
1991-04-01,
1991-04-08,
1991-04-15,
1991-04-22,
1991-04-29,
1991-05-06,
1991-05-13,
1991-05-20,
1991-05-27,
1991-06-03,
1991-06-10,
1991-06-17,
1991-06-24,
1991-07-01,
1991-07-08,
1991-07-15,
1991-07-22,
1991-07-29,
1991-08-05,
1991-08-12,
1991-08-19,
1991-08-26,
1991-09-02,
1991-09-09,
1991-09-16,
1991-09-23,
1991-09-30,
1991-10-07,
1991-10-14,
1991-10-21,
1991-10-28,
1991-11-04,
1991-11-11,
1991-11-18,
1991-11-25,
1991-12-02,
1991-12-09,
1991-12-16,
1991-12-23,
1991-12-30,
1992-01-06,298.77
1992-01-13,303.06
1992-01-20,307.39
1992-01-27,311.61
1992-02-03,314.18
1992-02-10,315.56
1992-02-17,319.77
1992-02-24,352.24
1992-03-02,362.38
1992-03-09,371.45
1992-03-16,375.65
1992-03-23,379.22
1992-03-30,382.91
1992-04-06,384.33
1992-04-13,394.58
1992-04-20,419.23
1992-04-27,429.23
1992-05-04,459.08
1992-05-11,501.82
1992-05-18,588.15
1992-05-25,1503.2
1992-06-01,1246.13
1992-06-08,1150.49
1992-06-15,1235.37
1992-06-22,1236.32
1992-06-29,1235.49
1992-07-06,1284.66
1992-07-13,1212.93
1992-07-20,1171.15
1992-07-27,1230.64
1992-08-03,1097.3
1992-08-10,1018.72
1992-08-17,991.26
1992-08-24,930.41
1992-08-31,868.54
1992-09-07,736.89
1992-09-14,780.91
1992-09-21,780.92
1992-09-28,772.07
1992-10-05,719.76
1992-10-12,738.98
1992-10-19,670.11
1992-10-26,521.94
1992-11-02,471.84
1992-11-09,416.55
1992-11-16,376.69
1992-11-23,391.27
1992-11-30,750.82
1992-12-07,830.84
1992-12-14,732.43
1992-12-21,764.79
1992-12-28,790.41
1993-01-04,854.15
1993-01-11,1032.37
1993-01-18,1089.68
1993-01-25,1135.13
1993-02-01,1332.13
1993-02-08,1458.46
1993-02-15,1615.94
1993-02-22,1521.88
1993-03-01,1240.97
1993-03-08,1252.84
1993-03-15,1221.2
1993-03-22,1071.74
1993-03-29,1002.63
1993-04-05,976.22
1993-04-12,1250.39
1993-04-19,1273.14
1993-04-26,1404.98
1993-05-03,1412.49
1993-05-10,1172.96
1993-05-17,1185.58
1993-05-24,1068.39
1993-05-31,972.27
1993-06-07,1112.13
1993-06-14,1042.61
1993-06-21,1021.01
1993-06-28,1048.09
1993-07-05,995.53
1993-07-12,882.25
1993-07-19,875.87
1993-07-26,821.04
1993-08-02,880.12
1993-08-09,923.41
1993-08-16,1066.22
1993-08-23,927.34
1993-08-30,933.15
1993-09-06,983.62
1993-09-13,911.5
1993-09-20,906.96
1993-09-27,911.85
1993-10-04,924.62
1993-10-11,898.72
1993-10-18,863.33
1993-10-25,810.73
1993-11-01,843.93
1993-11-08,864.63
1993-11-15,918.93
1993-11-22,979.58
1993-11-29,1007.13
1993-12-06,1029.75
1993-12-13,981.08
1993-12-20,801.26
1993-12-27,859.11
1994-01-03,848.1
1994-01-10,920.58
1994-01-17,878.95
1994-01-24,861.27
1994-01-31,790.25
1994-02-07,818.76
1994-02-14,800.6
1994-02-21,772.03
1994-02-28,790.65
1994-03-07,735.94
1994-03-14,811.45
1994-03-21,753.43
1994-03-28,724.06
1994-04-04,715.62
1994-04-11,678.87
1994-04-18,620.14
1994-04-25,574.08
1994-05-02,607.72
1994-05-09,595.55
1994-05-16,607.49
1994-05-23,599.867
1994-05-30,552.323
1994-06-06,550.55
1994-06-13,497.79
1994-06-20,508.608
1994-06-27,477.153
1994-07-04,442.472
1994-07-11,431.935
1994-07-18,400.384
1994-07-25,375.307
1994-08-01,447.698
1994-08-08,729.524
1994-08-15,680.213
1994-08-22,698.532
1994-08-29,728.542
1994-09-05,973.43
1994-09-12,1057.31
1994-09-19,959.24
1994-09-26,909.267
1994-10-03,813.48
1994-10-10,715.863
1994-10-17,627.545
1994-10-24,809.34
1994-10-31,668.628
1994-11-07,690.254
1994-11-14,754.351
1994-11-21,718.065
1994-11-28,701.459
1994-12-05,683.655
1994-12-12,638.529
1994-12-19,674.687
1994-12-26,698.457
1995-01-02,667.766
1995-01-09,645.944
1995-01-16,607.513
1995-01-23,570.679
1995-01-30,580.94
1995-02-06,550.081
1995-02-13,563.16
1995-02-20,549.04
1995-02-27,577.67
1995-03-06,636.51
1995-03-13,604.32
1995-03-20,603.95
1995-03-27,650.95
1995-04-03,680.18
1995-04-10,692.0
1995-04-17,653.813
1995-04-24,642.62
1995-05-01,600.53
1995-05-08,591.309
1995-05-15,601.99
1995-05-22,940.52
1995-05-29,738.93
1995-06-05,718.28
1995-06-12,726.14
1995-06-19,661.93
1995-06-26,677.88
1995-07-03,634.801
1995-07-10,691.383
1995-07-17,722.069
1995-07-24,737.248
1995-07-31,721.007
1995-08-07,743.98
1995-08-14,806.3
1995-08-21,767.21
1995-08-28,751.28
1995-09-04,765.59
1995-09-11,805.51
1995-09-18,786.31
1995-09-25,750.68
1995-10-02,750.13
1995-10-09,732.95
1995-10-16,728.24
1995-10-23,752.02
1995-10-30,752.4
1995-11-06,767.1
1995-11-13,716.56
1995-11-20,702.41
1995-11-27,670.7
1995-12-04,659.56
1995-12-11,643.22
1995-12-18,614.12
1995-12-25,602.12
1996-01-01,575.19
1996-01-08,556.3
1996-01-15,569.01
1996-01-22,531.38
1996-01-29,545.0
1996-02-05,538.54
1996-02-12,542.02
1996-02-19,570.38
1996-02-26,570.38
1996-03-04,623.16
1996-03-11,587.72
1996-03-18,586.87
1996-03-25,589.65
1996-04-01,585.44
1996-04-08,602.13
1996-04-15,605.75
1996-04-22,637.41
1996-04-29,770.58
1996-05-06,698.15
1996-05-13,693.23
1996-05-20,732.83
1996-05-27,663.26
1996-06-03,667.01
1996-06-10,800.05
1996-06-17,784.5
1996-06-24,829.01
1996-07-01,795.533
1996-07-08,845.181
1996-07-15,826.028
1996-07-22,928.092
1996-07-29,896.389
1996-08-05,894.039
1996-08-12,928.008
1996-08-19,874.62
1996-08-26,807.47
1996-09-02,841.592
1996-09-09,829.778
1996-09-16,813.649
1996-09-23,893.555
1996-09-30,918.946
1996-10-07,907.18
1996-10-14,989.236
1996-10-21,1014.55
1996-10-28,1077.74
1996-11-04,994.687
1996-11-11,983.659
1996-11-18,1058.83
1996-11-25,1025.76
1996-12-02,1194.09
1996-12-09,1306.78
1996-12-16,1047.68
1996-12-23,939.946
1996-12-30,973.467
1997-01-06,913.841
1997-01-13,970.315
1997-01-20,974.146
1997-01-27,1000.7
1997-02-03,1006.36
1997-02-10,1006.36
1997-02-17,1024.72
1997-02-24,1055.08
1997-03-03,1111.46
1997-03-10,1150.39
1997-03-17,1212.75
1997-03-24,1248.3
1997-03-31,1293.36
1997-04-07,1338.06
1997-04-14,1381.45
1997-04-21,1424.11
1997-04-28,1411.93
1997-05-05,1513.3
1997-05-12,1569.0
1997-05-19,1406.47
1997-05-26,1307.82
1997-06-02,1395.34
1997-06-09,1331.17
1997-06-16,1317.13
1997-06-23,1340.68
1997-06-30,1306.78
1997-07-07,1145.25
1997-07-14,1239.26
1997-07-21,1248.55
1997-07-28,1193.4
1997-08-04,1256.27
1997-08-11,1239.57
1997-08-18,1179.44
1997-08-25,1232.96
1997-09-01,1284.03
1997-09-08,1311.88
1997-09-15,1229.66
1997-09-22,1151.44
1997-09-29,1130.22
1997-10-06,1147.48
1997-10-13,1170.58
1997-10-20,1243.83
1997-10-27,1297.59
1997-11-03,1239.77
1997-11-10,1244.43
1997-11-17,1251.14
1997-11-24,1184.03
1997-12-01,1193.71
1997-12-08,1197.6
1997-12-15,1230.97
1997-12-22,1232.66
1997-12-29,1251.23
1998-01-05,1287.45
1998-01-12,1301.02
1998-01-19,1282.76
1998-01-26,1293.78
1998-02-02,1293.78
1998-02-09,1318.64
1998-02-16,1305.44
1998-02-23,1274.55
1998-03-02,1250.88
1998-03-09,1266.33
1998-03-16,1252.31
1998-03-23,1243.69
1998-03-30,1318.71
1998-04-06,1380.24
1998-04-13,1393.25
1998-04-20,1369.28
1998-04-27,1386.32
1998-05-04,1431.3
1998-05-11,1434.23
1998-05-18,1448.86
1998-05-25,1471.98
1998-06-01,1501.3
1998-06-08,1488.61
1998-06-15,1449.34
1998-06-22,1484.89
1998-06-29,1445.07
1998-07-06,1395.58
1998-07-13,1443.26
1998-07-20,1366.74
1998-07-27,1405.58
1998-08-03,1386.3
1998-08-10,1314.54
1998-08-17,1138.35
1998-08-24,1253.8
1998-08-31,1224.08
1998-09-07,1252.49
1998-09-14,1318.8
1998-09-21,1300.2
1998-09-28,1307.58
1998-10-05,1312.39
1998-10-12,1324.66
1998-10-19,1323.16
1998-10-26,1283.01
1998-11-02,1300.32
1998-11-09,1363.94
1998-11-16,1375.47
1998-11-23,1354.75
1998-11-30,1327.11
1998-12-07,1287.09
1998-12-14,1272.88
1998-12-21,1228.54
1998-12-28,1234.02
1999-01-04,1197.35
1999-01-11,1247.56
1999-01-18,1227.24
1999-01-25,1222.6
1999-02-01,1192.93
1999-02-08,1134.63
1999-02-15,1160.58
1999-02-22,1160.58
1999-03-01,1169.26
1999-03-08,1217.52
1999-03-15,1241.24
1999-03-22,1248.51
1999-03-29,1244.24
1999-04-05,1271.29
1999-04-12,1272.04
1999-04-19,1233.92
1999-04-26,1183.98
1999-05-03,1192.67
1999-05-10,1139.57
1999-05-17,1132.11
1999-05-24,1290.26
1999-05-31,1357.95
1999-06-07,1407.69
1999-06-14,1513.83
1999-06-21,1640.46
1999-06-28,1793.88
1999-07-05,1675.89
1999-07-12,1654.7
1999-07-19,1573.28
1999-07-26,1700.73
1999-08-02,1715.84
1999-08-09,1731.19
1999-08-16,1657.48
1999-08-23,1746.97
1999-08-30,1720.13
1999-09-06,1657.84
1999-09-13,1774.48
1999-09-20,1735.85
1999-09-27,1702.08
1999-10-04,1668.91
1999-10-11,1617.96
1999-10-18,1596.43
1999-10-25,1560.53
1999-11-01,1586.9
1999-11-08,1562.95
1999-11-15,1541.83
1999-11-22,1555.71
1999-11-29,1525.84
1999-12-06,1516.74
1999-12-13,1506.67
1999-12-20,1509.27
1999-12-27,1429.46
2000-01-03,1451.9
2000-01-10,1642.53
2000-01-17,1523.519
2000-01-24,1570.64
2000-01-31,1631.524
2000-02-07,1631.524
2000-02-14,1779.707
2000-02-21,1784.456
2000-02-28,1814.783
2000-03-06,1789.807
2000-03-13,1840.813
2000-03-20,1809.036
2000-03-27,1889.534
2000-04-03,1916.208
2000-04-10,1943.19
2000-04-17,1910.304
2000-04-24,1954.889
2000-05-01,1953.865
2000-05-08,1954.492
2000-05-15,1813.206
2000-05-22,1941.13
2000-05-29,2017.751
2000-06-05,2017.361
2000-06-12,2032.289
2000-06-19,2034.282
2000-06-26,2069.564
2000-07-03,2013.303
2000-07-10,2069.367
2000-07-17,2105.201
2000-07-24,2112.483
2000-07-31,2148.034
2000-08-07,2163.04
2000-08-14,2200.368
2000-08-21,2231.968
2000-08-28,2227.94
2000-09-04,2131.815
2000-09-11,2089.886
2000-09-18,2064.586
2000-09-25,1990.599
2000-10-02,2026.364
2000-10-09,2032.076
2000-10-16,2019.771
2000-10-23,2078.746
2000-10-30,2091.288
2000-11-06,2109.29
2000-11-13,2194.745
2000-11-20,2225.645
2000-11-27,2172.214
2000-12-04,2216.103
2000-12-11,2167.338
2000-12-18,2163.636
2000-12-25,2189.361
2001-01-01,2192.378
2001-01-08,2223.798
2001-01-15,2149.571
2001-01-22,2185.196
2001-01-29,2185.196
2001-02-05,2124.347
2001-02-12,2075.566
2001-02-19,2080.959
2001-02-26,2067.197
2001-03-05,2087.499
2001-03-12,2114.086
2001-03-19,2138.859
2001-03-26,2192.069
2001-04-02,2226.904
2001-04-09,2217.575
2001-04-16,2267.909
2001-04-23,2247.221
2001-04-30,2214.486
2001-05-07,2214.486
2001-05-14,2272.234
2001-05-21,2305.68
2001-05-28,2264.394
2001-06-04,2318.331
2001-06-11,2309.723
2001-06-18,2261.038
2001-06-25,2321.807
2001-07-02,2298.213
2001-07-09,2261.243
2001-07-16,2235.154
2001-07-23,2264.72
2001-07-30,2042.107
2001-08-06,1971.256
2001-08-13,2044.251
2001-08-20,2020.957
2001-08-27,1907.873
2001-09-03,1898.472
2001-09-10,1938.065
2001-09-17,1867.611
2001-09-24,1877.674
2001-10-01,1844.29
2001-10-08,1803.659
2001-10-15,1760.32
2001-10-22,1585.773
2001-10-29,1774.226
2001-11-05,1752.199
2001-11-12,1691.454
2001-11-19,1742.272
2001-11-26,1779.847
2001-12-03,1837.553
2001-12-10,1820.854
2001-12-17,1734.585
2001-12-24,1671.35
2001-12-31,1712.541
2002-01-07,1660.75
2002-01-14,1546.433
2002-01-21,1422.362
2002-01-28,1418.281
2002-02-04,1575.193
2002-02-11,1571.115
2002-02-18,1571.115
2002-02-25,1595.979
2002-03-04,1592.355
2002-03-11,1735.633
2002-03-18,1693.904
2002-03-25,1748.447
2002-04-01,1677.398
2002-04-08,1711.713
2002-04-15,1711.988
2002-04-22,1700.835
2002-04-29,1739.636
2002-05-06,1742.024
2002-05-13,1696.22
2002-05-20,1608.274
2002-05-27,1622.97
2002-06-03,1548.088
2002-06-10,1583.268
2002-06-17,1561.563
2002-06-24,1781.799
2002-07-01,1790.19
2002-07-08,1808.513
2002-07-15,1761.587
2002-07-22,1754.092
2002-07-29,1738.383
2002-08-05,1726.115
2002-08-12,1705.691
2002-08-19,1715.801
2002-08-26,1743.69
2002-09-02,1741.716
2002-09-09,1692.314
2002-09-16,1674.039
2002-09-23,1672.502
2002-09-30,1650.483
2002-10-07,1650.483
2002-10-14,1598.477
2002-10-21,1591.59
2002-10-28,1570.06
2002-11-04,1600.347
2002-11-11,1571.896
2002-11-18,1516.563
2002-11-25,1461.803
2002-12-02,1459.331
2002-12-09,1464.196
2002-12-16,1471.795
2002-12-23,1494.495
2002-12-30,1428.153
2003-01-06,1394.37
2003-01-13,1448.297
2003-01-20,1548.916
2003-01-27,1563.345
2003-02-03,1567.293
2003-02-10,1547.003
2003-02-17,1564.245
2003-02-24,1549.054
2003-03-03,1594.827
2003-03-10,1535.531
2003-03-17,1536.201
2003-03-24,1545.262
2003-03-31,1579.797
2003-04-07,1584.36
2003-04-14,1690.692
2003-04-21,1644.219
2003-04-28,1609.207
2003-05-05,1592.196
2003-05-12,1603.759
2003-05-19,1628.699
2003-05-26,1643.734
2003-06-02,1650.77
2003-06-09,1602.416
2003-06-16,1633.357
2003-06-23,1582.432
2003-06-30,1555.906
2003-07-07,1572.457
2003-07-14,1593.397
2003-07-21,1566.315
2003-07-28,1539.321
2003-08-04,1564.826
2003-08-11,1544.468
2003-08-18,1514.817
2003-08-25,1490.902
2003-09-01,1519.474
2003-09-08,1494.568
2003-09-15,1464.96
2003-09-22,1447.72
2003-09-29,1419.909
2003-10-06,1432.356
2003-10-13,1465.658
2003-10-20,1423.33
2003-10-27,1433.645
2003-11-03,1426.225
2003-11-10,1401.348
2003-11-17,1388.511
2003-11-24,1468.81
2003-12-01,1499.336
2003-12-08,1503.861
2003-12-15,1539.904
2003-12-22,1564.947
2003-12-29,1568.408
2004-01-05,1644.632
2004-01-12,1696.483
2004-01-19,1677.285
2004-01-26,1677.285
2004-02-02,1701.605
2004-02-09,1785.583
2004-02-16,1778.353
2004-02-23,1762.089
2004-03-01,1770.982
2004-03-08,1716.092
2004-03-15,1820.409
2004-03-22,1841.202
2004-03-29,1803.307
2004-04-05,1852.61
2004-04-12,1806.674
2004-04-19,1757.002
2004-04-26,1715.037
2004-05-03,1673.414
2004-05-10,1636.445
2004-05-17,1615.22
2004-05-24,1625.803
2004-05-31,1631.656
2004-06-07,1591.682
2004-06-14,1511.023
2004-06-21,1505.826
2004-06-28,1454.083
2004-07-05,1516.394
2004-07-12,1466.817
2004-07-19,1529.879
2004-07-26,1456.255
2004-08-02,1440.644
2004-08-09,1464.545
2004-08-16,1421.307
2004-08-23,1390.93
2004-08-30,1384.379
2004-09-06,1386.351
2004-09-13,1322.106
2004-09-20,1535.18
2004-09-27,1497.58
2004-10-04,1465.185
2004-10-11,1482.327
2004-10-18,1400.855
2004-10-25,1375.459
2004-11-01,1370.463
2004-11-08,1369.235
2004-11-15,1438.267
2004-11-22,1452.108
2004-11-29,1404.217
2004-12-06,1406.511
2004-12-13,1374.939
2004-12-20,1339.05
2004-12-27,1344.009
2005-01-03,1330.185
2005-01-10,1314.627
2005-01-17,1276.987
2005-01-24,1318.125
2005-01-31,1251.142
2005-02-07,1332.441
2005-02-14,1332.441
2005-02-21,1348.786
2005-02-28,1370.972
2005-03-07,1357.855
2005-03-14,1357.481
2005-03-21,1291.735
2005-03-28,1259.218
2005-04-04,1261.93
2005-04-11,1301.65
2005-04-18,1256.312
2005-04-25,1214.65
2005-05-02,1216.204
2005-05-09,1186.896
2005-05-16,1149.91
2005-05-23,1124.038
2005-05-30,1112.746
2005-06-06,1085.773
2005-06-13,1161.406
2005-06-20,1171.682
2005-06-27,1181.082
2005-07-04,1099.833
2005-07-11,1062.45
2005-07-18,1064.776
2005-07-25,1099.452
2005-08-01,1144.83
2005-08-08,1196.725
2005-08-15,1247.122
2005-08-22,1217.557
2005-08-29,1213.553
2005-09-05,1256.999
2005-09-12,1248.708
2005-09-19,1282.59
2005-09-26,1213.512
2005-10-03,1214.008
2005-10-10,1196.955
2005-10-17,1188.719
2005-10-24,1199.572
2005-10-31,1148.882
2005-11-07,1157.086
2005-11-14,1144.238
2005-11-21,1177.082
2005-11-28,1167.697
2005-12-05,1134.555
2005-12-12,1173.833
2005-12-19,1190.383
2005-12-26,1216.609
2006-01-02,1220.929
2006-01-09,1277.394
2006-01-16,1263.593
2006-01-23,1316.638
2006-01-30,1318.909
2006-02-06,1349.033
2006-02-13,1342.178
2006-02-20,1329.562
2006-02-27,1360.599
2006-03-06,1351.83
2006-03-13,1321.227
2006-03-20,1351.335
2006-03-27,1358.959
2006-04-03,1383.5
2006-04-10,1424.763
2006-04-17,1445.916
2006-04-24,1478.999
2006-05-01,1511.71
2006-05-08,1571.559
2006-05-15,1747.44
2006-05-22,1741.243
2006-05-29,1731.942
2006-06-05,1770.397
2006-06-12,1632.615
2006-06-19,1667.392
2006-06-26,1717.087
2006-07-03,1784.456
2006-07-10,1823.825
2006-07-17,1769.519
2006-07-24,1751.345
2006-07-31,1695.146
2006-08-07,1626.174
2006-08-14,1651.036
2006-08-21,1683.16
2006-08-28,1735.037
2006-09-04,1742.605
2006-09-11,1761.196
2006-09-18,1821.38
2006-09-25,1808.751
2006-10-02,1840.312
2006-10-09,1875.117
2006-10-16,1860.678
2006-10-23,1848.129
2006-10-30,1901.336
2006-11-06,1981.941
2006-11-13,1958.908
2006-11-20,2120.662
2006-11-27,2151.157
2006-12-04,2271.804
2006-12-11,2292.037
2006-12-18,2452.113
2006-12-25,2561.655
2007-01-01,2815.132
2007-01-08,2847.601
2007-01-15,2935.539
2007-01-22,3080.745
2007-01-29,3094.314
2007-02-05,2744.041
2007-02-12,2947.496
2007-02-19,3148.79
2007-02-26,3193.197
2007-03-05,2926.6
2007-03-12,3104.681
2007-03-19,3167.715
2007-03-26,3281.442
2007-04-02,3418.728
2007-04-09,3572.409
2007-04-16,3780.605
2007-04-23,3899.954
2007-04-30,4035.086
2007-05-07,4035.086
2007-05-14,4241.434
2007-05-21,4262.695
2007-05-28,4476.668
2007-06-04,3850.379
2007-06-11,4191.102
2007-06-18,4461.613
2007-06-25,4136.609
2007-07-02,4027.059
2007-07-09,4074.953
2007-07-16,4009.544
2007-07-23,4419.949
2007-07-30,4657.852
2007-08-06,4855.641
2007-08-13,5060.188
2007-08-20,5149.242
2007-08-27,5408.426
2007-09-03,5587.316
2007-09-10,5622.785
2007-09-17,5690.23
2007-09-24,5757.398
2007-10-01,5827.66
2007-10-08,5975.988
2007-10-15,6330.477
2007-10-22,5948.707
2007-10-29,6034.063
2007-11-05,5914.172
2007-11-12,5446.188
2007-11-19,5532.281
2007-11-26,5205.453
2007-12-03,5108.051
2007-12-10,5416.723
2007-12-17,5116.844
2007-12-24,5493.133
2007-12-31,5521.488
2008-01-07,5660.043
2008-01-14,5770.527
2008-01-21,5157.441
2008-01-28,4637.805
2008-02-04,4903.406
2008-02-11,4827.098
2008-02-18,4793.988
2008-02-25,4398.809
2008-03-03,4657.105
2008-03-10,4350.348
2008-03-17,4008.393
2008-03-24,3804.825
2008-03-31,3643.244
2008-04-07,3777.247
2008-04-14,3459.0
2008-04-21,3270.77
2008-04-28,3645.577
2008-05-05,3946.45
2008-05-12,3805.748
2008-05-19,3782.371
2008-05-26,3530.582
2008-06-02,3629.606
2008-06-09,3493.188
2008-06-16,3014.74
2008-06-23,2895.984
2008-06-30,2869.937
2008-07-07,2928.775
2008-07-14,3019.106
2008-07-21,3001.567
2008-07-28,3045.5
2008-08-04,2875.981
2008-08-11,2592.49
2008-08-18,2435.115
2008-08-25,2533.43
2008-09-01,2440.871
2008-09-08,2249.815
2008-09-15,2183.023
2008-09-22,2348.574
2008-09-29,2408.878
2008-10-06,2282.814
2008-10-13,2177.921
2008-10-20,2073.486
2008-10-27,1810.428
2008-11-03,1806.791
2008-11-10,1969.439
2008-11-17,2132.909
2008-11-24,1992.724
2008-12-01,1989.674
2008-12-08,2195.585
2008-12-15,2062.931
2008-12-22,2087.324
2008-12-29,1943.061
2009-01-05,1974.717
2009-01-12,1995.058
2009-01-19,2085.947
2009-01-26,2089.898
2009-02-02,2111.943
2009-02-09,2335.541
2009-02-16,2508.56
2009-02-23,2420.282
2009-03-02,2197.671
2009-03-09,2224.068
2009-03-16,2260.295
2009-03-23,2440.955
2009-03-30,2474.857
2009-04-06,2539.902
2009-04-13,2638.591
2009-04-20,2684.505
2009-04-27,2524.963
2009-05-04,2687.123
2009-05-11,2708.153
2009-05-18,2784.585
2009-05-25,2739.403
2009-06-01,2856.412
2009-06-08,2905.825
2009-06-15,2928.16
2009-06-22,3040.517
2009-06-29,3123.465
2009-07-06,3280.268
2009-07-13,3233.816
2009-07-20,3429.514
2009-07-27,3606.541
2009-08-03,3634.984
2009-08-10,3411.183
2009-08-17,3013.138
2009-08-24,3141.845
2009-08-31,2799.479
2009-09-07,3023.689
2009-09-14,3176.698
2009-09-21,3113.68
2009-09-28,2899.869
2009-10-05,2916.727
2009-10-12,3037.591
2009-10-19,3188.646
2009-10-26,3263.551
2009-11-02,3228.7
2009-11-09,3332.531
2009-11-16,3435.4
2009-11-23,3501.737
2009-11-30,3351.49
2009-12-07,3494.783
2009-12-14,3464.438
2009-12-21,3275.693
2009-12-28,3344.496
2010-01-04,3402.309
2010-01-11,3369.443
2010-01-18,3394.564
2010-01-25,3244.996
2010-02-01,3084.555
2010-02-08,3077.839
2010-02-15,3164.654
2010-02-22,3149.133
2010-03-01,3237.853
2010-03-08,3201.376
2010-03-15,3121.508
2010-03-22,3223.855
2010-03-29,3275.551
2010-04-05,3311.152
2010-04-12,3280.9
2010-04-19,3124.552
2010-04-26,3112.771
2010-05-03,3009.366
2010-05-10,2829.794
2010-05-17,2684.203
2010-05-24,2803.668
2010-05-31,2718.421
2010-06-07,2633.556
2010-06-14,2694.246
2010-06-21,2711.288
2010-06-28,2657.695
2010-07-05,2477.883
2010-07-12,2610.491
2010-07-19,2594.324
2010-07-26,2713.197
2010-08-02,2801.046
2010-08-09,2800.732
2010-08-16,2789.264
2010-08-23,2766.036
2010-08-30,2779.098
2010-09-06,2825.034
2010-09-13,2816.521
2010-09-20,2712.04
2010-09-27,2753.04
2010-10-04,2782.023
2010-10-11,2940.826
2010-10-18,3097.018
2010-10-25,3197.238
2010-11-01,3199.485
2010-11-08,3309.763
2010-11-15,3157.512
2010-11-22,3020.95
2010-11-29,3001.805
2010-12-06,2992.366
2010-12-13,3061.177
2010-12-20,2987.42
2010-12-27,2912.473
2011-01-03,2940.244
2011-01-10,2923.016
2011-01-17,2833.843
2011-01-24,2822.245
2011-01-31,2921.824
2011-02-07,2930.521
2011-02-14,3035.718
2011-02-21,3070.357
2011-02-28,3041.766
2011-03-07,3137.441
2011-03-14,3075.796
2011-03-21,3045.977
2011-03-28,3124.529
2011-04-04,3107.149
2011-04-11,3165.133
2011-04-18,3201.55
2011-04-25,3104.455
2011-05-02,3049.19
2011-05-09,3008.084
2011-05-16,2983.624
2011-05-23,2905.749
2011-05-30,2834.526
2011-06-06,2856.895
2011-06-13,2829.99
2011-06-20,2746.478
2011-06-27,2889.589
2011-07-04,2946.493
2011-07-11,2935.483
2011-07-18,2950.228
2011-07-25,2816.069
2011-08-01,2831.598
2011-08-08,2646.543
2011-08-15,2751.239
2011-08-22,2635.119
2011-08-29,2698.658
2011-09-05,2596.274
2011-09-12,2616.102
2011-09-19,2553.369
2011-09-26,2506.772
2011-10-03,2471.101
2011-10-10,2456.022
2011-10-17,2556.267
2011-10-24,2482.806
2011-10-31,2585.102
2011-11-07,2628.835
2011-11-14,2648.577
2011-11-21,2529.586
2011-11-28,2496.023
2011-12-05,2444.863
2011-12-12,2400.793
2011-12-19,2323.915
2011-12-26,2294.305
2012-01-02,2304.116
2012-01-09,2331.893
2012-01-16,2311.324
2012-01-23,2429.701
2012-01-30,2393.938
2012-02-06,2442.226
2012-02-13,2463.848
2012-02-20,2476.015
2012-02-27,2563.301
2012-03-05,2561.091
2012-03-12,2550.315
2012-03-19,2524.446
2012-03-26,2462.207
2012-04-02,2370.07
2012-04-09,2394.1
2012-04-16,2468.764
2012-04-23,2501.602
2012-04-30,2509.71
2012-05-07,2568.121
2012-05-14,2493.396
2012-05-21,2459.657
2012-05-28,2473.712
2012-06-04,2418.234
2012-06-11,2415.399
2012-06-18,2425.395
2012-06-25,2328.986
2012-07-02,2331.181
2012-07-09,2273.319
2012-07-16,2249.369
2012-07-23,2242.415
2012-07-30,2210.404
2012-08-06,2257.166
2012-08-13,2237.596
2012-08-20,2206.81
2012-08-27,2153.011
2012-09-03,2156.444
2012-09-10,2235.755
2012-09-17,2176.701
2012-09-24,2129.086
2012-10-01,2184.705
2012-10-08,2172.386
2012-10-15,2197.905
2012-10-22,2233.566
2012-10-29,2156.087
2012-11-05,2213.837
2012-11-12,2177.38
2012-11-19,2112.022
2012-11-26,2112.518
2012-12-03,2051.959
2012-12-10,2181.979
2012-12-17,2262.305
2012-12-24,2260.841
2012-12-31,2376.039
2013-01-07,2392.591
2013-01-14,2420.006
2013-01-21,2436.856
2013-01-28,2456.025
2013-02-04,2541.786
2013-02-11,2545.855
2013-02-18,2534.522
2013-02-25,2434.371
2013-03-04,2379.378
2013-03-11,2418.428
2013-03-18,2344.646
2013-03-25,2435.445
2013-04-01,2338.531
2013-04-08,2314.728
2013-04-15,2283.896
2013-04-22,2346.766
2013-04-29,2279.54
2013-05-06,2335.172
2013-05-13,2346.492
2013-05-20,2407.362
2013-05-27,2400.137
2013-06-03,2406.692
2013-06-10,2314.045
2013-06-17,2256.775
2013-06-24,2054.621
2013-07-01,2088.077
2013-07-08,2049.542
2013-07-15,2155.349
2013-07-22,2098.322
2013-07-29,2068.385
2013-08-05,2146.162
2013-08-12,2199.247
2013-08-19,2182.767
2013-08-26,2194.088
2013-09-02,2196.601
2013-09-09,2316.301
2013-09-16,2336.12
2013-09-23,2324.879
2013-09-30,2276.265
2013-10-07,2276.265
2013-10-14,2342.377
2013-10-21,2333.429
2013-10-28,2233.471
2013-11-04,2250.096
2013-11-11,2208.006
2013-11-18,2300.166
2013-11-25,2288.457
2013-12-02,2310.769
2013-12-09,2342.894
2013-12-16,2261.862
2013-12-23,2187.142
2013-12-30,2195.106
2014-01-06,2141.025
2014-01-13,2103.066
2014-01-20,2083.74
2014-01-27,2127.755
2014-02-03,2127.617
2014-02-10,2183.225
2014-02-17,2235.392
2014-02-24,2173.928
2014-03-03,2172.565
2014-03-10,2092.751
2014-03-17,2118.512
2014-03-24,2163.4
2014-03-31,2128.785
2014-04-07,2155.532
2014-04-14,2231.808
2014-04-21,2162.897
2014-04-28,2097.561
2014-05-05,2122.481
2014-05-12,2149.248
2014-05-19,2099.24
2014-05-26,2137.212
2014-06-02,2135.087
2014-06-09,2125.905
2014-06-16,2184.237
2014-06-23,2119.624
2014-06-30,2144.746
2014-07-07,2156.785
2014-07-14,2163.764
2014-07-21,2151.007
2014-07-28,2280.536
2014-08-04,2328.021
2014-08-11,2329.298
2014-08-18,2344.407
2014-08-25,2333.8
2014-09-01,2340.12
2014-09-08,2435.574
2014-09-15,2448.766
2014-09-22,2397.161
2014-09-29,2468.17
2014-10-06,2474.589
2014-10-13,2477.08
2014-10-20,2467.345
2014-10-27,2397.92
2014-11-03,2544.318
2014-11-10,2590.333
2014-11-17,2590.627
2014-11-24,2652.23
2014-12-01,2806.937
2014-12-08,3164.306
2014-12-15,3093.68
2014-12-22,3276.891
2014-12-29,3319.475
2015-01-05,3511.048
2015-01-12,3383.836
2015-01-19,3265.339
2015-01-26,3545.407
2015-02-02,3277.586
2015-02-09,3242.713
2015-02-16,3376.276
2015-02-23,3402.06
2015-03-02,3495.987
2015-03-09,3460.377
2015-03-16,3614.522
2015-03-23,3865.048
2015-03-30,3968.826
2015-04-06,4050.095
2015-04-13,4318.563
2015-04-20,4418.895
2015-04-27,4744.09
2015-05-04,4694.551
2015-05-11,4539.891
2015-05-18,4485.031
2015-05-25,5041.438
2015-06-01,5056.188
2015-06-08,5375.18
2015-06-15,5302.773
2015-06-22,4689.563
2015-06-29,4245.469
2015-07-06,3955.996
2015-07-13,4159.781
2015-07-20,4182.637
2015-07-27,3903.456
2015-08-03,3795.902
2015-08-10,4115.723
2015-08-17,4184.133
2015-08-24,3362.83
2015-08-31,3358.812
2015-09-07,3227.365
2015-09-14,3263.368
2015-09-21,3306.421
2015-09-28,3247.803
2015-10-05,3197.372
2015-10-12,3443.406
2015-10-19,3547.078
2015-10-26,3591.912
2015-11-02,3481.943
2015-11-09,3819.442
2015-11-16,3777.327
2015-11-23,3780.923
2015-11-30,3607.392
2015-12-07,3703.338
2015-12-14,3685.935
2015-12-21,3813.086
2015-12-28,3699.304
2016-01-04,3450.031
2016-01-11,3157.712
2016-01-18,3049.492
2016-01-25,3075.422
2016-02-01,2813.679
2016-02-08,2891.622
2016-02-15,2873.572
2016-02-22,3063.165
2016-02-29,2812.804
2016-03-07,3032.193
2016-03-14,2992.377
2016-03-21,3159.276
2016-03-28,3095.224
2016-04-04,3149.471
2016-04-11,3175.087
