,MV,P,VO
1990-01-01,,,
1990-01-08,,,
1990-01-15,,,
1990-01-22,,,
1990-01-29,,,
1990-02-05,,,
1990-02-12,,,
1990-02-19,,,
1990-02-26,,,
1990-03-05,,,
1990-03-12,,,
1990-03-19,,,
1990-03-26,,,
1990-04-02,,,
1990-04-09,,,
1990-04-16,,,
1990-04-23,,,
1990-04-30,,,
1990-05-07,,,
1990-05-14,,,
1990-05-21,,,
1990-05-28,,,
1990-06-04,,,
1990-06-11,,,
1990-06-18,,,
1990-06-25,,,
1990-07-02,,,
1990-07-09,,,
1990-07-16,,,
1990-07-23,,,
1990-07-30,,,
1990-08-06,,,
1990-08-13,,,
1990-08-20,,,
1990-08-27,,,
1990-09-03,,,
1990-09-10,,,
1990-09-17,,,
1990-09-24,,,
1990-10-01,,,
1990-10-08,,,
1990-10-15,,,
1990-10-22,,,
1990-10-29,,,
1990-11-05,,,
1990-11-12,,,
1990-11-19,,,
1990-11-26,,,
1990-12-03,,,
1990-12-10,,,
1990-12-17,,,
1990-12-24,,,
1990-12-31,,,
1991-01-07,,,
1991-01-14,,,
1991-01-21,,,
1991-01-28,,,
1991-02-04,,,
1991-02-11,,,
1991-02-18,,,
1991-02-25,,,
1991-03-04,,,
1991-03-11,,,
1991-03-18,,,
1991-03-25,,,
1991-04-01,,,
1991-04-08,,,
1991-04-15,,,
1991-04-22,,,
1991-04-29,,,
1991-05-06,,,
1991-05-13,,,
1991-05-20,,,
1991-05-27,,,
1991-06-03,,,
1991-06-10,,,
1991-06-17,,,
1991-06-24,,,
1991-07-01,,,
1991-07-08,,,
1991-07-15,,,
1991-07-22,,,
1991-07-29,,,
1991-08-05,,,
1991-08-12,,,
1991-08-19,,,
1991-08-26,,,
1991-09-02,,,
1991-09-09,,,
1991-09-16,,,
1991-09-23,,,
1991-09-30,,,
1991-10-07,,,
1991-10-14,,,
1991-10-21,,,
1991-10-28,,,
1991-11-04,,,
1991-11-11,,,
1991-11-18,,,
1991-11-25,,,
1991-12-02,,,
1991-12-09,,,
1991-12-16,,,
1991-12-23,,,
1991-12-30,,,
1992-01-06,,,
1992-01-13,,,
1992-01-20,,,
1992-01-27,,,
1992-02-03,,,
1992-02-10,,,
1992-02-17,,,
1992-02-24,,,
1992-03-02,,,
1992-03-09,,,
1992-03-16,,,
1992-03-23,,,
1992-03-30,,,
1992-04-06,,,
1992-04-13,,,
1992-04-20,,,
1992-04-27,,,
1992-05-04,,,
1992-05-11,,,
1992-05-18,,,
1992-05-25,,,
1992-06-01,,,
1992-06-08,,,
1992-06-15,,,
1992-06-22,,,
1992-06-29,,,
1992-07-06,,,
1992-07-13,,,
1992-07-20,,,
1992-07-27,,,
1992-08-03,,,
1992-08-10,,,
1992-08-17,,,
1992-08-24,,,
1992-08-31,,,
1992-09-07,,,
1992-09-14,,,
1992-09-21,,,
1992-09-28,,,
1992-10-05,,,
1992-10-12,,,
1992-10-19,,,
1992-10-26,,,
1992-11-02,,,
1992-11-09,,,
1992-11-16,,,
1992-11-23,,,
1992-11-30,,,
1992-12-07,,,
1992-12-14,,,
1992-12-21,,,
1992-12-28,,,
1993-01-04,,,
1993-01-11,,,
1993-01-18,,,
1993-01-25,,,
1993-02-01,,,
1993-02-08,,,
1993-02-15,,,
1993-02-22,,,
1993-03-01,,,
1993-03-08,,,
1993-03-15,,,
1993-03-22,,,
1993-03-29,,,
1993-04-05,,,
1993-04-12,,,
1993-04-19,,,
1993-04-26,,,
1993-05-03,,,
1993-05-10,,,
1993-05-17,,,
1993-05-24,,,
1993-05-31,,,
1993-06-07,,,
1993-06-14,,,
1993-06-21,,,
1993-06-28,,,
1993-07-05,,,
1993-07-12,,,
1993-07-19,,,
1993-07-26,,,
1993-08-02,,,
1993-08-09,,,
1993-08-16,,,
1993-08-23,,,
1993-08-30,,,
1993-09-06,,,
1993-09-13,,,
1993-09-20,,,
1993-09-27,,,
1993-10-04,,,
1993-10-11,,,
1993-10-18,,,
1993-10-25,,,
1993-11-01,,,
1993-11-08,,,
1993-11-15,,,
1993-11-22,,,
1993-11-29,,,
1993-12-06,,,
1993-12-13,,,
1993-12-20,,,
1993-12-27,,,
1994-01-03,,,
1994-01-10,,,
1994-01-17,,,
1994-01-24,,,
1994-01-31,,,
1994-02-07,,,
1994-02-14,,,
1994-02-21,,,
1994-02-28,,,
1994-03-07,,,
1994-03-14,,,
1994-03-21,,,
1994-03-28,,,
1994-04-04,,,
1994-04-11,,,
1994-04-18,,,
1994-04-25,,,
1994-05-02,,,
1994-05-09,,,
1994-05-16,,,
1994-05-23,,,
1994-05-30,,,
1994-06-06,,,
1994-06-13,,,
1994-06-20,,,
1994-06-27,,,
1994-07-04,,,
1994-07-11,,,
1994-07-18,,,
1994-07-25,,,
1994-08-01,,,
1994-08-08,,,
1994-08-15,,,
1994-08-22,,,
1994-08-29,,,
1994-09-05,,,
1994-09-12,,,
1994-09-19,,,
1994-09-26,,,
1994-10-03,,,
1994-10-10,,,
1994-10-17,,,
1994-10-24,,,
1994-10-31,,,
1994-11-07,,,
1994-11-14,,,
1994-11-21,,,
1994-11-28,,,
1994-12-05,,,
1994-12-12,,,
1994-12-19,,,
1994-12-26,,,
1995-01-02,,,
1995-01-09,,,
1995-01-16,,,
1995-01-23,,,
1995-01-30,,,
1995-02-06,,,
1995-02-13,,,
1995-02-20,,,
1995-02-27,,,
1995-03-06,,,
1995-03-13,,,
1995-03-20,,,
1995-03-27,,,
1995-04-03,,,
1995-04-10,,,
1995-04-17,,,
1995-04-24,,,
1995-05-01,,,
1995-05-08,,,
1995-05-15,,,
1995-05-22,,,
1995-05-29,,,
1995-06-05,,,
1995-06-12,,,
1995-06-19,,,
1995-06-26,,,
1995-07-03,,,
1995-07-10,,,
1995-07-17,,,
1995-07-24,,,
1995-07-31,,,
1995-08-07,,,
1995-08-14,,,
1995-08-21,,,
1995-08-28,,,
1995-09-04,,,
1995-09-11,,,
1995-09-18,,,
1995-09-25,,,
1995-10-02,,,
1995-10-09,,,
1995-10-16,,,
1995-10-23,,,
1995-10-30,,,
1995-11-06,,,
1995-11-13,,,
1995-11-20,,,
1995-11-27,,,
1995-12-04,,,
1995-12-11,,,
1995-12-18,,,
1995-12-25,,,
1996-01-01,,,
1996-01-08,,,
1996-01-15,,,
1996-01-22,,,
1996-01-29,,,
1996-02-05,,,
1996-02-12,,,
1996-02-19,,,
1996-02-26,,,
1996-03-04,,,
1996-03-11,,,
1996-03-18,,,
1996-03-25,,,
1996-04-01,,,
1996-04-08,,,
1996-04-15,,,
1996-04-22,,,
1996-04-29,,,
1996-05-06,,,
1996-05-13,,,
1996-05-20,,,
1996-05-27,,,
1996-06-03,,,
1996-06-10,,,
1996-06-17,,,
1996-06-24,,,
1996-07-01,,,
1996-07-08,,,
1996-07-15,,,
1996-07-22,,,
1996-07-29,,,
1996-08-05,,,
1996-08-12,,,
1996-08-19,,,
1996-08-26,,,
1996-09-02,,,
1996-09-09,,,
1996-09-16,,,
1996-09-23,,,
1996-09-30,,,
1996-10-07,,,
1996-10-14,,,
1996-10-21,,,
1996-10-28,,,
1996-11-04,,,
1996-11-11,,,
1996-11-18,,,
1996-11-25,,,
1996-12-02,,,
1996-12-09,,,
1996-12-16,,,
1996-12-23,,,
1996-12-30,,,
1997-01-06,,,
1997-01-13,,,
1997-01-20,,,
1997-01-27,,,
1997-02-03,,,
1997-02-10,,,
1997-02-17,,,
1997-02-24,,,
1997-03-03,,,
1997-03-10,,,
1997-03-17,,,
1997-03-24,,,
1997-03-31,,,
1997-04-07,,,
1997-04-14,,,
1997-04-21,,,
1997-04-28,,,
1997-05-05,,,
1997-05-12,,,
1997-05-19,,,
1997-05-26,,,
1997-06-02,,,
1997-06-09,,,
1997-06-16,,,
1997-06-23,,,
1997-06-30,,,
1997-07-07,,,
1997-07-14,,,
1997-07-21,,,
1997-07-28,,,
1997-08-04,,,
1997-08-11,,,
1997-08-18,,,
1997-08-25,,,
1997-09-01,,,
1997-09-08,,,
1997-09-15,,,
1997-09-22,,,
1997-09-29,,,
1997-10-06,,,
1997-10-13,,,
1997-10-20,,,
1997-10-27,,,
1997-11-03,,,
1997-11-10,,,
1997-11-17,,,
1997-11-24,,,
1997-12-01,,,
1997-12-08,,,
1997-12-15,,,
1997-12-22,,,
1997-12-29,,,
1998-01-05,,,
1998-01-12,,,
1998-01-19,,,
1998-01-26,,,
1998-02-02,,,
1998-02-09,,,
1998-02-16,,,
1998-02-23,,,
1998-03-02,,,
1998-03-09,,,
1998-03-16,,,
1998-03-23,,,
1998-03-30,,,
1998-04-06,,,
1998-04-13,,,
1998-04-20,,,
1998-04-27,,,
1998-05-04,,,
1998-05-11,,,
1998-05-18,,,
1998-05-25,,,
1998-06-01,,,
1998-06-08,,,
1998-06-15,,,
1998-06-22,,,
1998-06-29,,,
1998-07-06,,,
1998-07-13,,,
1998-07-20,,,
1998-07-27,,,
1998-08-03,,,
1998-08-10,,,
1998-08-17,,,
1998-08-24,,,
1998-08-31,,,
1998-09-07,,,
1998-09-14,,,
1998-09-21,,,
1998-09-28,,,
1998-10-05,,,
1998-10-12,,,
1998-10-19,,,
1998-10-26,,,
1998-11-02,,,
1998-11-09,,,
1998-11-16,,,
1998-11-23,,,
1998-11-30,,,
1998-12-07,,,
1998-12-14,,,
1998-12-21,,,
1998-12-28,,,
1999-01-04,,,
1999-01-11,,,
1999-01-18,,,
1999-01-25,,,
1999-02-01,,,
1999-02-08,,,
1999-02-15,,,
1999-02-22,,,
1999-03-01,,,
1999-03-08,,,
1999-03-15,,,
1999-03-22,,,
1999-03-29,,,
1999-04-05,,,
1999-04-12,,,
1999-04-19,,,
1999-04-26,,,
1999-05-03,,,
1999-05-10,,,
1999-05-17,,,
1999-05-24,,,
1999-05-31,,,
1999-06-07,,,
1999-06-14,,,
1999-06-21,,,
1999-06-28,,,
1999-07-05,,,
1999-07-12,,,
1999-07-19,,,
1999-07-26,,,
1999-08-02,,,
1999-08-09,,,
1999-08-16,,,
1999-08-23,,,
1999-08-30,,,
1999-09-06,,,
1999-09-13,,,
1999-09-20,,,
1999-09-27,,,
1999-10-04,,,
1999-10-11,,,
1999-10-18,,,
1999-10-25,,,
1999-11-01,,,
1999-11-08,,,
1999-11-15,,,
1999-11-22,,,
1999-11-29,,,
1999-12-06,,,
1999-12-13,,,
1999-12-20,,,
1999-12-27,,,
2000-01-03,,,
2000-01-10,,,
2000-01-17,,,
2000-01-24,,,
2000-01-31,,,
2000-02-07,,,
2000-02-14,,,
2000-02-21,,,
2000-02-28,,,
2000-03-06,,,
2000-03-13,,,
2000-03-20,,,
2000-03-27,,,
2000-04-03,,,
2000-04-10,,,
2000-04-17,,,
2000-04-24,,,
2000-05-01,,,
2000-05-08,,,
2000-05-15,,,
2000-05-22,,,
2000-05-29,,,
2000-06-05,,,
2000-06-12,,,
2000-06-19,,,
2000-06-26,,,
2000-07-03,,,
2000-07-10,,,
2000-07-17,,,
2000-07-24,,,
2000-07-31,,,
2000-08-07,,,
2000-08-14,,,
2000-08-21,,,
2000-08-28,,,
2000-09-04,,,
2000-09-11,,,
2000-09-18,,,
2000-09-25,,,
2000-10-02,,,
2000-10-09,,,
2000-10-16,,,
2000-10-23,,,
2000-10-30,,,
2000-11-06,,,
2000-11-13,,,
2000-11-20,,,
2000-11-27,,,
2000-12-04,,,
2000-12-11,,,
2000-12-18,,,
2000-12-25,,,
2001-01-01,,,
2001-01-08,,,
2001-01-15,,,
2001-01-22,,,
2001-01-29,,,
2001-02-05,,,
2001-02-12,,,
2001-02-19,,,
2001-02-26,,,
2001-03-05,,,
2001-03-12,,,
2001-03-19,,,
2001-03-26,,,
2001-04-02,,,
2001-04-09,,,
2001-04-16,,,
2001-04-23,,,
2001-04-30,,,
2001-05-07,,,
2001-05-14,,,
2001-05-21,,,
2001-05-28,,,
2001-06-04,,,
2001-06-11,,,
2001-06-18,,,
2001-06-25,,,
2001-07-02,6260.0,31.3,26888.5
2001-07-09,6260.0,31.3,
2001-07-16,6260.0,31.3,
2001-07-23,6260.0,31.3,
2001-07-30,6260.0,31.3,
2001-08-06,6260.0,31.3,
2001-08-13,6260.0,31.3,
2001-08-20,6260.0,31.3,
2001-08-27,6260.0,31.3,
2001-09-03,6260.0,31.3,
2001-09-10,6260.0,31.3,
2001-09-17,6260.0,31.3,
2001-09-24,6260.0,31.3,
2001-10-01,6260.0,31.3,
2001-10-08,6260.0,31.3,
2001-10-15,6260.0,31.3,
2001-10-22,6260.0,31.3,
2001-10-29,6260.0,31.3,
2001-11-05,6260.0,31.3,
2001-11-12,6260.0,31.3,
2001-11-19,6260.0,31.3,
2001-11-26,6260.0,31.3,
2001-12-03,6260.0,31.3,
2001-12-10,6260.0,31.3,
2001-12-17,6260.0,31.3,
2001-12-24,6260.0,31.3,
2001-12-31,6260.0,31.3,
2002-01-07,6260.0,31.3,
2002-01-14,6260.0,31.3,
2002-01-21,6260.0,31.3,
2002-01-28,6260.0,31.3,
2002-02-04,6260.0,31.3,
2002-02-11,6260.0,31.3,
2002-02-18,6260.0,31.3,
2002-02-25,6260.0,31.3,
2002-03-04,6260.0,31.3,
2002-03-11,6260.0,31.3,
2002-03-18,6260.0,31.3,
2002-03-25,6260.0,31.3,
2002-04-01,6260.0,31.3,
2002-04-08,6260.0,31.3,
2002-04-15,6260.0,31.3,
2002-04-22,6260.0,31.3,
2002-04-29,6260.0,31.3,
2002-05-06,6260.0,31.3,
2002-05-13,6260.0,31.3,
2002-05-20,6260.0,31.3,
2002-05-27,6260.0,31.3,
2002-06-03,6260.0,31.3,
2002-06-10,6260.0,31.3,
2002-06-17,6260.0,31.3,
2002-06-24,6260.0,31.3,
2002-07-01,6260.0,31.3,
2002-07-08,6260.0,31.3,
2002-07-15,6260.0,31.3,
2002-07-22,6260.0,31.3,
2002-07-29,6260.0,31.3,
2002-08-05,6260.0,31.3,
2002-08-12,6260.0,31.3,
2002-08-19,6260.0,31.3,
2002-08-26,6260.0,31.3,
2002-09-02,6260.0,31.3,
2002-09-09,6260.0,31.3,
2002-09-16,6260.0,31.3,
2002-09-23,6260.0,31.3,
2002-09-30,6260.0,31.3,
2002-10-07,6260.0,31.3,
2002-10-14,6260.0,31.3,
2002-10-21,6260.0,31.3,
2002-10-28,6260.0,31.3,
2002-11-04,6260.0,31.3,
2002-11-11,6260.0,31.3,
2002-11-18,6260.0,31.3,
2002-11-25,6260.0,31.3,
2002-12-02,6260.0,31.3,
2002-12-09,6260.0,31.3,
2002-12-16,6260.0,31.3,
2002-12-23,6260.0,31.3,
2002-12-30,6260.0,31.3,
2003-01-06,6260.0,31.3,
2003-01-13,6260.0,31.3,
2003-01-20,6260.0,31.3,
2003-01-27,6260.0,31.3,
2003-02-03,6260.0,31.3,
2003-02-10,6260.0,31.3,
2003-02-17,6260.0,31.3,
2003-02-24,6260.0,31.3,
2003-03-03,6260.0,31.3,
2003-03-10,6260.0,31.3,
2003-03-17,6260.0,31.3,
2003-03-24,6260.0,31.3,
2003-03-31,6260.0,31.3,
2003-04-07,6260.0,31.3,
2003-04-14,6260.0,31.3,
2003-04-21,6260.0,31.3,
2003-04-28,6260.0,31.3,
2003-05-05,6260.0,31.3,
2003-05-12,6260.0,31.3,
2003-05-19,6260.0,31.3,
2003-05-26,6260.0,31.3,
2003-06-02,6260.0,31.3,
2003-06-09,6260.0,31.3,
2003-06-16,6260.0,31.3,
2003-06-23,6260.0,31.3,
2003-06-30,6260.0,31.3,
2003-07-07,6260.0,31.3,
2003-07-14,6260.0,31.3,
2003-07-21,6260.0,31.3,
2003-07-28,6260.0,31.3,
2003-08-04,6260.0,31.3,
2003-08-11,6260.0,31.3,
2003-08-18,6260.0,31.3,
2003-08-25,6260.0,31.3,
2003-09-01,6260.0,31.3,
2003-09-08,6260.0,31.3,
2003-09-15,6260.0,31.3,
2003-09-22,6260.0,31.3,
2003-09-29,6260.0,31.3,
2003-10-06,6260.0,31.3,
2003-10-13,6260.0,31.3,
2003-10-20,6260.0,31.3,
2003-10-27,6260.0,31.3,
2003-11-03,6260.0,31.3,
2003-11-10,6260.0,31.3,
2003-11-17,6260.0,31.3,
2003-11-24,6260.0,31.3,
2003-12-01,6260.0,31.3,
2003-12-08,6260.0,31.3,
2003-12-15,6260.0,31.3,
2003-12-22,6260.0,31.3,
2003-12-29,6260.0,31.3,
2004-01-05,6260.0,31.3,
2004-01-12,6260.0,31.3,
2004-01-19,6260.0,31.3,
2004-01-26,6260.0,31.3,
2004-02-02,6260.0,31.3,
2004-02-09,6260.0,31.3,
2004-02-16,6260.0,31.3,
2004-02-23,6260.0,31.3,
2004-03-01,6260.0,31.3,
2004-03-08,6260.0,31.3,
2004-03-15,6260.0,31.3,
2004-03-22,6260.0,31.3,
2004-03-29,6260.0,31.3,
2004-04-05,6260.0,31.3,
2004-04-12,6260.0,31.3,
2004-04-19,6260.0,31.3,
2004-04-26,6260.0,31.3,
2004-05-03,6260.0,31.3,
2004-05-10,6260.0,31.3,
2004-05-17,6260.0,31.3,
2004-05-24,6260.0,31.3,
2004-05-31,6260.0,31.3,
2004-06-07,6260.0,31.3,
2004-06-14,6260.0,31.3,
2004-06-21,6260.0,31.3,
2004-06-28,6260.0,31.3,
2004-07-05,6260.0,31.3,
2004-07-12,6260.0,31.3,
2004-07-19,6260.0,31.3,
2004-07-26,6260.0,31.3,
2004-08-02,6260.0,31.3,
2004-08-09,6260.0,31.3,
2004-08-16,6260.0,31.3,
2004-08-23,6260.0,31.3,
2004-08-30,6260.0,31.3,
2004-09-06,6260.0,31.3,
2004-09-13,6260.0,31.3,
2004-09-20,6260.0,31.3,
2004-09-27,6260.0,31.3,
2004-10-04,6260.0,31.3,
2004-10-11,6260.0,31.3,
2004-10-18,6260.0,31.3,
2004-10-25,6260.0,31.3,
2004-11-01,6260.0,31.3,
2004-11-08,6260.0,31.3,
2004-11-15,6260.0,31.3,
2004-11-22,6260.0,31.3,
2004-11-29,6260.0,31.3,
2004-12-06,6260.0,31.3,
2004-12-13,6260.0,31.3,
2004-12-20,6260.0,31.3,
2004-12-27,6260.0,31.3,
2005-01-03,6260.0,31.3,
2005-01-10,6260.0,31.3,
2005-01-17,6260.0,31.3,
2005-01-24,6260.0,31.3,
2005-01-31,6260.0,31.3,
2005-02-07,6260.0,31.3,
2005-02-14,6260.0,31.3,
2005-02-21,6260.0,31.3,
2005-02-28,6260.0,31.3,
2005-03-07,6260.0,31.3,
2005-03-14,6260.0,31.3,
2005-03-21,6260.0,31.3,
2005-03-28,6260.0,31.3,
2005-04-04,6260.0,31.3,
2005-04-11,6260.0,31.3,
2005-04-18,6260.0,31.3,
2005-04-25,6260.0,31.3,
2005-05-02,6260.0,31.3,
2005-05-09,6260.0,31.3,
2005-05-16,6260.0,31.3,
2005-05-23,6260.0,31.3,
2005-05-30,6260.0,31.3,
2005-06-06,6260.0,31.3,
2005-06-13,6260.0,31.3,
2005-06-20,6260.0,31.3,
2005-06-27,6260.0,31.3,
2005-07-04,6260.0,31.3,
2005-07-11,6260.0,31.3,
2005-07-18,6260.0,31.3,
2005-07-25,6260.0,31.3,
2005-08-01,6260.0,31.3,
2005-08-08,6260.0,31.3,
2005-08-15,6260.0,31.3,
2005-08-22,6260.0,31.3,
2005-08-29,6260.0,31.3,
2005-09-05,6260.0,31.3,
2005-09-12,6260.0,31.3,
2005-09-19,6260.0,31.3,
2005-09-26,6260.0,31.3,
2005-10-03,6260.0,31.3,
2005-10-10,6260.0,31.3,
2005-10-17,6260.0,31.3,
2005-10-24,6260.0,31.3,
2005-10-31,6260.0,31.3,
2005-11-07,6260.0,31.3,
2005-11-14,6260.0,31.3,
2005-11-21,6260.0,31.3,
2005-11-28,6260.0,31.3,
2005-12-05,6260.0,31.3,
2005-12-12,6260.0,31.3,
2005-12-19,6260.0,31.3,
2005-12-26,6260.0,31.3,
2006-01-02,6260.0,31.3,
2006-01-09,6260.0,31.3,
2006-01-16,6260.0,31.3,
2006-01-23,6260.0,31.3,
2006-01-30,6260.0,31.3,
2006-02-06,6260.0,31.3,
2006-02-13,6260.0,31.3,
2006-02-20,6260.0,31.3,
2006-02-27,6260.0,31.3,
2006-03-06,6260.0,31.3,
2006-03-13,6260.0,31.3,
2006-03-20,6260.0,31.3,
2006-03-27,6260.0,31.3,
2006-04-03,6260.0,31.3,
2006-04-10,6260.0,31.3,
2006-04-17,6260.0,31.3,
2006-04-24,6260.0,31.3,
2006-05-01,6260.0,31.3,
2006-05-08,6260.0,31.3,
2006-05-15,6260.0,31.3,
2006-05-22,6260.0,31.3,
2006-05-29,6260.0,31.3,
2006-06-05,6260.0,31.3,
2006-06-12,6260.0,31.3,
2006-06-19,6260.0,31.3,
2006-06-26,6260.0,31.3,
2006-07-03,6260.0,31.3,
2006-07-10,6260.0,31.3,
2006-07-17,6260.0,31.3,
2006-07-24,6260.0,31.3,
2006-07-31,6260.0,31.3,
2006-08-07,6260.0,31.3,
2006-08-14,6260.0,31.3,
2006-08-21,6260.0,31.3,
2006-08-28,6260.0,31.3,
2006-09-04,6260.0,31.3,
2006-09-11,6260.0,31.3,
2006-09-18,6260.0,31.3,
2006-09-25,6260.0,31.3,
2006-10-02,6260.0,31.3,
2006-10-09,6260.0,31.3,
2006-10-16,6260.0,31.3,
2006-10-23,6260.0,31.3,
2006-10-30,6260.0,31.3,
2006-11-06,6260.0,31.3,
2006-11-13,6260.0,31.3,
2006-11-20,6260.0,31.3,
2006-11-27,6260.0,31.3,
2006-12-04,6260.0,31.3,
2006-12-11,6260.0,31.3,
2006-12-18,6260.0,31.3,
2006-12-25,6260.0,31.3,
2007-01-01,6260.0,31.3,
2007-01-08,6260.0,31.3,
2007-01-15,6260.0,31.3,
2007-01-22,6260.0,31.3,
2007-01-29,6260.0,31.3,
2007-02-05,6260.0,31.3,
2007-02-12,6260.0,31.3,
2007-02-19,6260.0,31.3,
2007-02-26,6260.0,31.3,
2007-03-05,6260.0,31.3,
2007-03-12,6260.0,31.3,
2007-03-19,6260.0,31.3,
2007-03-26,6260.0,31.3,
2007-04-02,6260.0,31.3,
2007-04-09,6260.0,31.3,
2007-04-16,6260.0,31.3,
2007-04-23,6260.0,31.3,
2007-04-30,6260.0,31.3,
2007-05-07,6260.0,31.3,
2007-05-14,6260.0,31.3,
2007-05-21,6260.0,31.3,
2007-05-28,6260.0,31.3,
2007-06-04,6260.0,31.3,
2007-06-11,6260.0,31.3,
2007-06-18,6260.0,31.3,
2007-06-25,6260.0,31.3,
2007-07-02,6260.0,31.3,
2007-07-09,6260.0,31.3,
2007-07-16,6260.0,31.3,
2007-07-23,6260.0,31.3,
2007-07-30,6260.0,31.3,
2007-08-06,6260.0,31.3,
2007-08-13,6260.0,31.3,
2007-08-20,6260.0,31.3,
2007-08-27,6260.0,31.3,
2007-09-03,6260.0,31.3,
2007-09-10,6260.0,31.3,
2007-09-17,6260.0,31.3,
2007-09-24,6260.0,31.3,
2007-10-01,6260.0,31.3,
2007-10-08,6260.0,31.3,
2007-10-15,6260.0,31.3,
2007-10-22,6260.0,31.3,
2007-10-29,6260.0,31.3,
2007-11-05,6260.0,31.3,
2007-11-12,6260.0,31.3,
2007-11-19,6260.0,31.3,
2007-11-26,6260.0,31.3,
2007-12-03,6260.0,31.3,
2007-12-10,6260.0,31.3,
2007-12-17,6260.0,31.3,
2007-12-24,6260.0,31.3,
2007-12-31,6260.0,31.3,
2008-01-07,6260.0,31.3,
2008-01-14,6260.0,31.3,
2008-01-21,6260.0,31.3,
2008-01-28,6260.0,31.3,
2008-02-04,6260.0,31.3,
2008-02-11,6260.0,31.3,
2008-02-18,6260.0,31.3,
2008-02-25,6260.0,31.3,
2008-03-03,6260.0,31.3,
2008-03-10,6260.0,31.3,
2008-03-17,6260.0,31.3,
2008-03-24,6260.0,31.3,
2008-03-31,6260.0,31.3,
2008-04-07,6260.0,31.3,
2008-04-14,6260.0,31.3,
2008-04-21,6260.0,31.3,
2008-04-28,6260.0,31.3,
2008-05-05,6260.0,31.3,
2008-05-12,6260.0,31.3,
2008-05-19,6260.0,31.3,
2008-05-26,6260.0,31.3,
2008-06-02,6260.0,31.3,
2008-06-09,6260.0,31.3,
2008-06-16,6260.0,31.3,
2008-06-23,6260.0,31.3,
2008-06-30,6260.0,31.3,
2008-07-07,6260.0,31.3,
2008-07-14,6260.0,31.3,
2008-07-21,6260.0,31.3,
2008-07-28,6260.0,31.3,
2008-08-04,6260.0,31.3,
2008-08-11,6260.0,31.3,
2008-08-18,6260.0,31.3,
2008-08-25,6260.0,31.3,
2008-09-01,6260.0,31.3,
2008-09-08,6260.0,31.3,
2008-09-15,6260.0,31.3,
2008-09-22,6260.0,31.3,
2008-09-29,6260.0,31.3,
2008-10-06,6260.0,31.3,
2008-10-13,6260.0,31.3,
2008-10-20,6260.0,31.3,
2008-10-27,6260.0,31.3,
2008-11-03,6260.0,31.3,
2008-11-10,6260.0,31.3,
2008-11-17,6260.0,31.3,
2008-11-24,6260.0,31.3,
2008-12-01,6260.0,31.3,
2008-12-08,6260.0,31.3,
2008-12-15,6260.0,31.3,
2008-12-22,6260.0,31.3,
2008-12-29,6260.0,31.3,
2009-01-05,6260.0,31.3,
2009-01-12,6260.0,31.3,
2009-01-19,6260.0,31.3,
2009-01-26,6260.0,31.3,
2009-02-02,6260.0,31.3,
2009-02-09,6260.0,31.3,
2009-02-16,6260.0,31.3,
2009-02-23,6260.0,31.3,
2009-03-02,6260.0,31.3,
2009-03-09,6260.0,31.3,
2009-03-16,6260.0,31.3,
2009-03-23,6260.0,31.3,
2009-03-30,6260.0,31.3,
2009-04-06,6260.0,31.3,
2009-04-13,6260.0,31.3,
2009-04-20,6260.0,31.3,
2009-04-27,6260.0,31.3,
2009-05-04,6260.0,31.3,
2009-05-11,6260.0,31.3,
2009-05-18,6260.0,31.3,
2009-05-25,6260.0,31.3,
2009-06-01,6260.0,31.3,
2009-06-08,6260.0,31.3,
2009-06-15,6260.0,31.3,
2009-06-22,6260.0,31.3,
2009-06-29,6260.0,31.3,
2009-07-06,6260.0,31.3,
2009-07-13,6260.0,31.3,
2009-07-20,6260.0,31.3,
2009-07-27,6260.0,31.3,
2009-08-03,6260.0,31.3,
2009-08-10,6260.0,31.3,
2009-08-17,6260.0,31.3,
2009-08-24,6260.0,31.3,
2009-08-31,6260.0,31.3,
2009-09-07,6260.0,31.3,
2009-09-14,6260.0,31.3,
2009-09-21,6260.0,31.3,
2009-09-28,6260.0,31.3,
2009-10-05,6260.0,31.3,
2009-10-12,6260.0,31.3,
2009-10-19,6260.0,31.3,
2009-10-26,6260.0,31.3,
2009-11-02,6260.0,31.3,
2009-11-09,6260.0,31.3,
2009-11-16,6260.0,31.3,
2009-11-23,6260.0,31.3,
2009-11-30,6260.0,31.3,
2009-12-07,6260.0,31.3,
2009-12-14,6260.0,31.3,
2009-12-21,6260.0,31.3,
2009-12-28,6260.0,31.3,
2010-01-04,6260.0,31.3,
2010-01-11,6260.0,31.3,
2010-01-18,6260.0,31.3,
2010-01-25,6260.0,31.3,
2010-02-01,6260.0,31.3,
2010-02-08,6260.0,31.3,
2010-02-15,6260.0,31.3,
2010-02-22,6260.0,31.3,
2010-03-01,6260.0,31.3,
2010-03-08,6260.0,31.3,
2010-03-15,6260.0,31.3,
2010-03-22,6260.0,31.3,
2010-03-29,6260.0,31.3,
2010-04-05,6260.0,31.3,
2010-04-12,6260.0,31.3,
2010-04-19,6260.0,31.3,
2010-04-26,6260.0,31.3,
2010-05-03,6260.0,31.3,
2010-05-10,6260.0,31.3,
2010-05-17,6260.0,31.3,
2010-05-24,6260.0,31.3,
2010-05-31,6260.0,31.3,
2010-06-07,6260.0,31.3,
2010-06-14,6260.0,31.3,
2010-06-21,6260.0,31.3,
2010-06-28,6260.0,31.3,
2010-07-05,6260.0,31.3,
2010-07-12,6260.0,31.3,
2010-07-19,6260.0,31.3,
2010-07-26,6260.0,31.3,
2010-08-02,6260.0,31.3,
2010-08-09,6260.0,31.3,
2010-08-16,6260.0,31.3,
2010-08-23,6260.0,31.3,
2010-08-30,6260.0,31.3,
2010-09-06,6260.0,31.3,
2010-09-13,6260.0,31.3,
2010-09-20,6260.0,31.3,
2010-09-27,6260.0,31.3,
2010-10-04,6260.0,31.3,
2010-10-11,6260.0,31.3,
2010-10-18,6260.0,31.3,
2010-10-25,6260.0,31.3,
2010-11-01,6260.0,31.3,
2010-11-08,6260.0,31.3,
2010-11-15,6260.0,31.3,
2010-11-22,6260.0,31.3,
2010-11-29,6260.0,31.3,
2010-12-06,6260.0,31.3,
2010-12-13,6260.0,31.3,
2010-12-20,6260.0,31.3,
2010-12-27,6260.0,31.3,
2011-01-03,6260.0,31.3,
2011-01-10,6260.0,31.3,
2011-01-17,6260.0,31.3,
2011-01-24,6260.0,31.3,
2011-01-31,6260.0,31.3,
2011-02-07,6260.0,31.3,
2011-02-14,6260.0,31.3,
2011-02-21,6260.0,31.3,
2011-02-28,6260.0,31.3,
2011-03-07,6260.0,31.3,
2011-03-14,6260.0,31.3,
2011-03-21,6260.0,31.3,
2011-03-28,6260.0,31.3,
2011-04-04,6260.0,31.3,
2011-04-11,6260.0,31.3,
2011-04-18,6260.0,31.3,
2011-04-25,6260.0,31.3,
2011-05-02,6260.0,31.3,
2011-05-09,6260.0,31.3,
2011-05-16,6260.0,31.3,
2011-05-23,6260.0,31.3,
2011-05-30,6260.0,31.3,
2011-06-06,6260.0,31.3,
2011-06-13,6260.0,31.3,
2011-06-20,6260.0,31.3,
2011-06-27,6260.0,31.3,
2011-07-04,6260.0,31.3,
2011-07-11,6260.0,31.3,
2011-07-18,6260.0,31.3,
2011-07-25,6260.0,31.3,
2011-08-01,6260.0,31.3,
2011-08-08,6260.0,31.3,
2011-08-15,6260.0,31.3,
2011-08-22,6260.0,31.3,
2011-08-29,6260.0,31.3,
2011-09-05,6260.0,31.3,
2011-09-12,6260.0,31.3,
2011-09-19,6260.0,31.3,
2011-09-26,6260.0,31.3,
2011-10-03,6260.0,31.3,
2011-10-10,6260.0,31.3,
2011-10-17,6260.0,31.3,
2011-10-24,6260.0,31.3,
2011-10-31,6260.0,31.3,
2011-11-07,6260.0,31.3,
2011-11-14,6260.0,31.3,
2011-11-21,6260.0,31.3,
2011-11-28,6260.0,31.3,
2011-12-05,6260.0,31.3,
2011-12-12,6260.0,31.3,
2011-12-19,6260.0,31.3,
2011-12-26,6260.0,31.3,
2012-01-02,6260.0,31.3,
2012-01-09,6260.0,31.3,
2012-01-16,6260.0,31.3,
2012-01-23,6260.0,31.3,
2012-01-30,6260.0,31.3,
2012-02-06,6260.0,31.3,
2012-02-13,6260.0,31.3,
2012-02-20,6260.0,31.3,
2012-02-27,6260.0,31.3,
2012-03-05,6260.0,31.3,
2012-03-12,6260.0,31.3,
2012-03-19,6260.0,31.3,
2012-03-26,6260.0,31.3,
2012-04-02,6260.0,31.3,
2012-04-09,6260.0,31.3,
2012-04-16,6260.0,31.3,
2012-04-23,6260.0,31.3,
2012-04-30,6260.0,31.3,
2012-05-07,6260.0,31.3,
2012-05-14,6260.0,31.3,
2012-05-21,6260.0,31.3,
2012-05-28,6260.0,31.3,
2012-06-04,6260.0,31.3,
2012-06-11,6260.0,31.3,
2012-06-18,6260.0,31.3,
2012-06-25,6260.0,31.3,
2012-07-02,6260.0,31.3,
2012-07-09,6260.0,31.3,
2012-07-16,6260.0,31.3,
2012-07-23,6260.0,31.3,
2012-07-30,6260.0,31.3,
2012-08-06,6260.0,31.3,
2012-08-13,6260.0,31.3,
2012-08-20,6260.0,31.3,
2012-08-27,6260.0,31.3,
2012-09-03,6260.0,31.3,
2012-09-10,6260.0,31.3,
2012-09-17,6260.0,31.3,
2012-09-24,6260.0,31.3,
2012-10-01,6260.0,31.3,
2012-10-08,6260.0,31.3,
2012-10-15,6260.0,31.3,
2012-10-22,6260.0,31.3,
2012-10-29,6260.0,31.3,
2012-11-05,6260.0,31.3,
2012-11-12,6260.0,31.3,
2012-11-19,6260.0,31.3,
2012-11-26,6260.0,31.3,
2012-12-03,6260.0,31.3,
2012-12-10,6260.0,31.3,
2012-12-17,6260.0,31.3,
2012-12-24,6260.0,31.3,
2012-12-31,6260.0,31.3,
2013-01-07,6260.0,31.3,
2013-01-14,6260.0,31.3,
2013-01-21,6260.0,31.3,
2013-01-28,6260.0,31.3,
2013-02-04,6260.0,31.3,
2013-02-11,6260.0,31.3,
2013-02-18,6260.0,31.3,
2013-02-25,6260.0,31.3,
2013-03-04,6260.0,31.3,
2013-03-11,6260.0,31.3,
2013-03-18,6260.0,31.3,
2013-03-25,6260.0,31.3,
2013-04-01,6260.0,31.3,
2013-04-08,6260.0,31.3,
2013-04-15,6260.0,31.3,
2013-04-22,6260.0,31.3,
2013-04-29,6260.0,31.3,
2013-05-06,6260.0,31.3,
2013-05-13,6260.0,31.3,
2013-05-20,6260.0,31.3,
2013-05-27,6260.0,31.3,
2013-06-03,6260.0,31.3,
2013-06-10,6260.0,31.3,
2013-06-17,6260.0,31.3,
2013-06-24,6260.0,31.3,
2013-07-01,6260.0,31.3,
2013-07-08,6260.0,31.3,
2013-07-15,6260.0,31.3,
2013-07-22,6260.0,31.3,
2013-07-29,6260.0,31.3,
2013-08-05,6260.0,31.3,
2013-08-12,6260.0,31.3,
2013-08-19,6260.0,31.3,
2013-08-26,6260.0,31.3,
2013-09-02,6260.0,31.3,
2013-09-09,6260.0,31.3,
2013-09-16,6260.0,31.3,
2013-09-23,6260.0,31.3,
2013-09-30,6260.0,31.3,
2013-10-07,6260.0,31.3,
2013-10-14,6260.0,31.3,
2013-10-21,6260.0,31.3,
2013-10-28,6260.0,31.3,
2013-11-04,6260.0,31.3,
2013-11-11,6260.0,31.3,
2013-11-18,6260.0,31.3,
2013-11-25,6260.0,31.3,
2013-12-02,6260.0,31.3,
2013-12-09,6260.0,31.3,
2013-12-16,6260.0,31.3,
2013-12-23,6260.0,31.3,
2013-12-30,6260.0,31.3,
2014-01-06,6260.0,31.3,
2014-01-13,6260.0,31.3,
2014-01-20,6260.0,31.3,
2014-01-27,6260.0,31.3,
2014-02-03,6260.0,31.3,
2014-02-10,6260.0,31.3,
2014-02-17,6260.0,31.3,
2014-02-24,6260.0,31.3,
2014-03-03,6260.0,31.3,
2014-03-10,6260.0,31.3,
2014-03-17,6260.0,31.3,
2014-03-24,6260.0,31.3,
2014-03-31,6260.0,31.3,
2014-04-07,6260.0,31.3,
2014-04-14,6260.0,31.3,
2014-04-21,6260.0,31.3,
2014-04-28,6260.0,31.3,
2014-05-05,6260.0,31.3,
2014-05-12,6260.0,31.3,
2014-05-19,6260.0,31.3,
2014-05-26,6260.0,31.3,
2014-06-02,6260.0,31.3,
2014-06-09,6260.0,31.3,
2014-06-16,6260.0,31.3,
2014-06-23,6260.0,31.3,
2014-06-30,6260.0,31.3,
2014-07-07,6260.0,31.3,
2014-07-14,6260.0,31.3,
2014-07-21,6260.0,31.3,
2014-07-28,6260.0,31.3,
2014-08-04,6260.0,31.3,
2014-08-11,6260.0,31.3,
2014-08-18,6260.0,31.3,
2014-08-25,6260.0,31.3,
2014-09-01,6260.0,31.3,
2014-09-08,6260.0,31.3,
2014-09-15,6260.0,31.3,
2014-09-22,6260.0,31.3,
2014-09-29,6260.0,31.3,
2014-10-06,6260.0,31.3,
2014-10-13,6260.0,31.3,
2014-10-20,6260.0,31.3,
2014-10-27,6260.0,31.3,
2014-11-03,6260.0,31.3,
2014-11-10,6260.0,31.3,
2014-11-17,6260.0,31.3,
2014-11-24,6260.0,31.3,
2014-12-01,6260.0,31.3,
2014-12-08,6260.0,31.3,
2014-12-15,6260.0,31.3,
2014-12-22,6260.0,31.3,
2014-12-29,6260.0,31.3,
2015-01-05,6260.0,31.3,
2015-01-12,6260.0,31.3,
2015-01-19,6260.0,31.3,
2015-01-26,6260.0,31.3,
2015-02-02,6260.0,31.3,
2015-02-09,6260.0,31.3,
2015-02-16,6260.0,31.3,
2015-02-23,6260.0,31.3,
2015-03-02,6260.0,31.3,
2015-03-09,6260.0,31.3,
2015-03-16,6260.0,31.3,
2015-03-23,6260.0,31.3,
2015-03-30,6260.0,31.3,
2015-04-06,6260.0,31.3,
2015-04-13,6260.0,31.3,
2015-04-20,6260.0,31.3,
2015-04-27,6260.0,31.3,
2015-05-04,6260.0,31.3,
2015-05-11,6260.0,31.3,
2015-05-18,6260.0,31.3,
2015-05-25,6260.0,31.3,
2015-06-01,6260.0,31.3,
2015-06-08,6260.0,31.3,
2015-06-15,6260.0,31.3,
2015-06-22,6260.0,31.3,
2015-06-29,6260.0,31.3,
2015-07-06,6260.0,31.3,
2015-07-13,6260.0,31.3,
2015-07-20,6260.0,31.3,
2015-07-27,6260.0,31.3,
2015-08-03,6260.0,31.3,
2015-08-10,6260.0,31.3,
2015-08-17,6260.0,31.3,
2015-08-24,6260.0,31.3,
2015-08-31,6260.0,31.3,
2015-09-07,6260.0,31.3,
2015-09-14,6260.0,31.3,
2015-09-21,6260.0,31.3,
2015-09-28,6260.0,31.3,
2015-10-05,6260.0,31.3,
2015-10-12,6260.0,31.3,
2015-10-19,6260.0,31.3,
2015-10-26,6260.0,31.3,
2015-11-02,6260.0,31.3,
2015-11-09,6260.0,31.3,
2015-11-16,6260.0,31.3,
2015-11-23,6260.0,31.3,
2015-11-30,6260.0,31.3,
2015-12-07,6260.0,31.3,
2015-12-14,6260.0,31.3,
2015-12-21,6260.0,31.3,
2015-12-28,6260.0,31.3,
2016-01-04,6260.0,31.3,
2016-01-11,6260.0,31.3,
2016-01-18,6260.0,31.3,
2016-01-25,6260.0,31.3,
2016-02-01,6260.0,31.3,
2016-02-08,6260.0,31.3,
2016-02-15,6260.0,31.3,
2016-02-22,6260.0,31.3,
2016-02-29,6260.0,31.3,
2016-03-07,6260.0,31.3,
2016-03-14,6260.0,31.3,
2016-03-21,6260.0,31.3,
2016-03-28,6260.0,31.3,
2016-04-04,6260.0,31.3,
2016-04-11,6260.0,31.3,
